Sample_Name,Index1_ID,Index1_Sequence,Index2_ID,Index2_Sequence
NCT/blank,WGS_i7_3,AACCATAA,WGS_i5_3,GCATGGTT
EMW0001,WGS_i7_3,AACCATAA,WGS_i5_139,CAGGCTCT
EMW0001_rep,WGS_i7_3,AACCATAA,WGS_i5_197,ATGGCTAT
EMW0002,WGS_i7_3,AACCATAA,WGS_i5_321,GGTTACGG
EMW0002_rep,WGS_i7_3,AACCATAA,WGS_i5_480,TTAAGATC
EMW0003,WGS_i7_3,AACCATAA,WGS_i5_566,CCTCAACC
EMW0003_rep,WGS_i7_3,AACCATAA,WGS_i5_577,AGCCTGAC
EMW0004,WGS_i7_3,AACCATAA,WGS_i5_651,TACGGCGA
EMW0005,WGS_i7_51,ACCAGCAA,WGS_i5_3,GCATGGTT
EMW0006,WGS_i7_51,ACCAGCAA,WGS_i5_139,CAGGCTCT
CMD0001,WGS_i7_51,ACCAGCAA,WGS_i5_197,ATGGCTAT
CMB0002,WGS_i7_51,ACCAGCAA,WGS_i5_321,GGTTACGG
CMB0003,WGS_i7_51,ACCAGCAA,WGS_i5_480,TTAAGATC
CMB0004,WGS_i7_51,ACCAGCAA,WGS_i5_566,CCTCAACC
CMB0005,WGS_i7_51,ACCAGCAA,WGS_i5_577,AGCCTGAC
GOL0001,WGS_i7_51,ACCAGCAA,WGS_i5_651,TACGGCGA
GOL0002,WGS_i7_71,ACGCCGTT,WGS_i5_3,GCATGGTT
GOL0003,WGS_i7_71,ACGCCGTT,WGS_i5_139,CAGGCTCT
GOL0004,WGS_i7_71,ACGCCGTT,WGS_i5_197,ATGGCTAT
GOL0005,WGS_i7_71,ACGCCGTT,WGS_i5_321,GGTTACGG
GOL0006,WGS_i7_71,ACGCCGTT,WGS_i5_480,TTAAGATC
GOL0007,WGS_i7_71,ACGCCGTT,WGS_i5_566,CCTCAACC
GOL0008,WGS_i7_71,ACGCCGTT,WGS_i5_577,AGCCTGAC
GOL0009,WGS_i7_71,ACGCCGTT,WGS_i5_651,TACGGCGA
GOL0010,WGS_i7_220,CAATATCC,WGS_i5_3,GCATGGTT
GOL0011,WGS_i7_220,CAATATCC,WGS_i5_139,CAGGCTCT
GOL0012,WGS_i7_220,CAATATCC,WGS_i5_197,ATGGCTAT
GOL0013,WGS_i7_220,CAATATCC,WGS_i5_321,GGTTACGG
GOL0014,WGS_i7_220,CAATATCC,WGS_i5_480,TTAAGATC
GOL0015,WGS_i7_220,CAATATCC,WGS_i5_566,CCTCAACC
GOL0016,WGS_i7_220,CAATATCC,WGS_i5_577,AGCCTGAC
GOL0017,WGS_i7_220,CAATATCC,WGS_i5_651,TACGGCGA
GOL0018,WGS_i7_290,CCGCCGCA,WGS_i5_3,GCATGGTT
GOL0019,WGS_i7_290,CCGCCGCA,WGS_i5_139,CAGGCTCT
GOL0020,WGS_i7_290,CCGCCGCA,WGS_i5_197,ATGGCTAT
GOL0021,WGS_i7_290,CCGCCGCA,WGS_i5_321,GGTTACGG
GOL0022,WGS_i7_290,CCGCCGCA,WGS_i5_480,TTAAGATC
GOL0023,WGS_i7_290,CCGCCGCA,WGS_i5_566,CCTCAACC
GOL0024,WGS_i7_290,CCGCCGCA,WGS_i5_577,AGCCTGAC
GOL0025,WGS_i7_290,CCGCCGCA,WGS_i5_651,TACGGCGA
GOL0026,WGS_i7_341,CGATTCGG,WGS_i5_3,GCATGGTT
GOL0027,WGS_i7_341,CGATTCGG,WGS_i5_139,CAGGCTCT
GOL0028,WGS_i7_341,CGATTCGG,WGS_i5_197,ATGGCTAT
GOL0029,WGS_i7_341,CGATTCGG,WGS_i5_321,GGTTACGG
GOL0030,WGS_i7_341,CGATTCGG,WGS_i5_480,TTAAGATC
GOL0031,WGS_i7_341,CGATTCGG,WGS_i5_566,CCTCAACC
GOL0032,WGS_i7_341,CGATTCGG,WGS_i5_577,AGCCTGAC
GOL0033,WGS_i7_341,CGATTCGG,WGS_i5_651,TACGGCGA
GOL0034,WGS_i7_435,GAAGAACG,WGS_i5_3,GCATGGTT
GOL0035,WGS_i7_435,GAAGAACG,WGS_i5_139,CAGGCTCT
GOL0036,WGS_i7_435,GAAGAACG,WGS_i5_197,ATGGCTAT
GOL0037,WGS_i7_435,GAAGAACG,WGS_i5_321,GGTTACGG
GOL0038,WGS_i7_435,GAAGAACG,WGS_i5_480,TTAAGATC
GOL0039,WGS_i7_435,GAAGAACG,WGS_i5_566,CCTCAACC
GOL0040,WGS_i7_435,GAAGAACG,WGS_i5_577,AGCCTGAC
GOL0041,WGS_i7_435,GAAGAACG,WGS_i5_651,TACGGCGA
GOL0056,WGS_i7_586,GTTGGAAT,WGS_i5_3,GCATGGTT
GOL0057,WGS_i7_586,GTTGGAAT,WGS_i5_139,CAGGCTCT
GOL0058,WGS_i7_586,GTTGGAAT,WGS_i5_197,ATGGCTAT
GOL0059,WGS_i7_586,GTTGGAAT,WGS_i5_321,GGTTACGG
GOL0060,WGS_i7_586,GTTGGAAT,WGS_i5_480,TTAAGATC
NSW0001,WGS_i7_586,GTTGGAAT,WGS_i5_566,CCTCAACC
NSW0002,WGS_i7_586,GTTGGAAT,WGS_i5_577,AGCCTGAC
NSW0003,WGS_i7_586,GTTGGAAT,WGS_i5_651,TACGGCGA
NSW0004,WGS_i7_673,TGCGTATC,WGS_i5_3,GCATGGTT
NSW0005,WGS_i7_673,TGCGTATC,WGS_i5_139,CAGGCTCT
NSW0006,WGS_i7_673,TGCGTATC,WGS_i5_197,ATGGCTAT
NSW0007,WGS_i7_673,TGCGTATC,WGS_i5_321,GGTTACGG
NSW0008,WGS_i7_673,TGCGTATC,WGS_i5_480,TTAAGATC
NSW0009,WGS_i7_673,TGCGTATC,WGS_i5_566,CCTCAACC
NSW0010,WGS_i7_673,TGCGTATC,WGS_i5_577,AGCCTGAC
NSW0011,WGS_i7_673,TGCGTATC,WGS_i5_651,TACGGCGA
NSW0012,WGS_i7_744,TTGCTTGC,WGS_i5_3,GCATGGTT
NSW0013,WGS_i7_744,TTGCTTGC,WGS_i5_139,CAGGCTCT
NSW0014,WGS_i7_744,TTGCTTGC,WGS_i5_197,ATGGCTAT
NSW0015,WGS_i7_744,TTGCTTGC,WGS_i5_321,GGTTACGG
NSW0016,WGS_i7_744,TTGCTTGC,WGS_i5_480,TTAAGATC
NSW0017,WGS_i7_744,TTGCTTGC,WGS_i5_566,CCTCAACC
NSW0018,WGS_i7_744,TTGCTTGC,WGS_i5_577,AGCCTGAC
NSW0019,WGS_i7_744,TTGCTTGC,WGS_i5_651,TACGGCGA
Ex3:C,WGS_i7_574,GTCTCGTT,WGS_i5_3,GCATGGTT
Ex2:C,WGS_i7_574,GTCTCGTT,WGS_i5_139,CAGGCTCT
Ex1:C,WGS_i7_574,GTCTCGTT,WGS_i5_197,ATGGCTAT
E17:10,WGS_i7_574,GTCTCGTT,WGS_i5_321,GGTTACGG
I39:3,WGS_i7_574,GTCTCGTT,WGS_i5_480,TTAAGATC
C29:10,WGS_i7_574,GTCTCGTT,WGS_i5_566,CCTCAACC
D3:13,WGS_i7_574,GTCTCGTT,WGS_i5_577,AGCCTGAC
M26:12,WGS_i7_574,GTCTCGTT,WGS_i5_651,TACGGCGA
H23:19,WGS_i7_579,GTTAGCGG,WGS_i5_3,GCATGGTT
B35:15,WGS_i7_579,GTTAGCGG,WGS_i5_139,CAGGCTCT
K8:15,WGS_i7_579,GTTAGCGG,WGS_i5_197,ATGGCTAT
A18:10,WGS_i7_579,GTTAGCGG,WGS_i5_321,GGTTACGG
I16:10,WGS_i7_579,GTTAGCGG,WGS_i5_480,TTAAGATC
L5:15,WGS_i7_579,GTTAGCGG,WGS_i5_566,CCTCAACC
Anna_blank1,WGS_i7_579,GTTAGCGG,WGS_i5_577,AGCCTGAC
Anna_blank2,WGS_i7_579,GTTAGCGG,WGS_i5_651,TACGGCGA
pan_blank1,WGS_i7_4,AACCGAAC,WGS_i5_1,CGTTGGTT
Corymbia maculata Arboretum ACT 1,WGS_i7_4,AACCGAAC,WGS_i5_68,CTAGAATT
Corymbia maculata Arboretum ACT 2,WGS_i7_4,AACCGAAC,WGS_i5_123,TCGGTTCT
Eucalyptus morrisbyi UTAS Campus 1,WGS_i7_4,AACCGAAC,WGS_i5_304,GCATTCGG
Eucalyptus morrisbyi UTAS Campus 2,WGS_i7_4,AACCGAAC,WGS_i5_334,AAGGCAGG
Eucalyptus tenuipes ANBG 1,WGS_i7_4,AACCGAAC,WGS_i5_537,TACCATCC
Eucalyptus tenuipes ANBG 2,WGS_i7_4,AACCGAAC,WGS_i5_549,AGTACGCC
Eucalyptus tricarpa Arboretum ACT 1,WGS_i7_4,AACCGAAC,WGS_i5_650,GGAATCGA
Eucalyptus tricarpa Arboretum ACT 2,WGS_i7_5,AACCTATA,WGS_i5_1,CGTTGGTT
Eucalyptus curtisii ANBG 1,WGS_i7_5,AACCTATA,WGS_i5_68,CTAGAATT
Eucalyptus curtisii ANBG 2,WGS_i7_5,AACCTATA,WGS_i5_123,TCGGTTCT
Eucalyptus elata ANBG 1,WGS_i7_5,AACCTATA,WGS_i5_304,GCATTCGG
Eucalyptus elata ANBG 2,WGS_i7_5,AACCTATA,WGS_i5_334,AAGGCAGG
Eucalyptus microcorys ANBG 1,WGS_i7_5,AACCTATA,WGS_i5_537,TACCATCC
Eucalyptus microcorys ANBG 2,WGS_i7_5,AACCTATA,WGS_i5_549,AGTACGCC
Eucalyptus salubris ANBG 1,WGS_i7_5,AACCTATA,WGS_i5_650,GGAATCGA
Eucalyptus salubris ANBG 2,WGS_i7_49,ACCAAGTT,WGS_i5_1,CGTTGGTT
Corymbia calophylla ANBG 1,WGS_i7_49,ACCAAGTT,WGS_i5_68,CTAGAATT
Corymbia calophylla ANBG 2,WGS_i7_49,ACCAAGTT,WGS_i5_123,TCGGTTCT
Eucalyptus camadulensis ANBG 1,WGS_i7_49,ACCAAGTT,WGS_i5_304,GCATTCGG
Eucalyptus camadulensis ANBG 2,WGS_i7_49,ACCAAGTT,WGS_i5_334,AAGGCAGG
Eucalyptus cloezania ANBG 1,WGS_i7_49,ACCAAGTT,WGS_i5_537,TACCATCC
Eucalyptus cloezania ANBG 2,WGS_i7_49,ACCAAGTT,WGS_i5_549,AGTACGCC
Eucalyptus erythrocorys ANBG 1,WGS_i7_49,ACCAAGTT,WGS_i5_650,GGAATCGA
Eucalyptus erythrocorys ANBG 2,WGS_i7_159,ATACCTAC,WGS_i5_1,CGTTGGTT
Eucalyptus melliodora 1,WGS_i7_159,ATACCTAC,WGS_i5_68,CTAGAATT
Eucalyptus melliodora 2,WGS_i7_159,ATACCTAC,WGS_i5_123,TCGGTTCT
Eucalyptus marginata ANBG 1,WGS_i7_159,ATACCTAC,WGS_i5_304,GCATTCGG
Eucalyptus marginata ANBG 2,WGS_i7_159,ATACCTAC,WGS_i5_334,AAGGCAGG
Eucalyptus albens ANBG 1,WGS_i7_159,ATACCTAC,WGS_i5_537,TACCATCC
Eucalyptus albens ANBG 2,WGS_i7_159,ATACCTAC,WGS_i5_549,AGTACGCC
Eucalyptus viminalis Tasmanian Herbarium 1,WGS_i7_159,ATACCTAC,WGS_i5_650,GGAATCGA
Eucalyptus viminalis Tasmanian Herbarium 2,WGS_i7_371,CGGTAGGT,WGS_i5_1,CGTTGGTT
Eucalyptus sideroxylon ANBG 1,WGS_i7_371,CGGTAGGT,WGS_i5_68,CTAGAATT
Eucalyptus sideroxylon ANBG 2,WGS_i7_371,CGGTAGGT,WGS_i5_123,TCGGTTCT
Eucalyptus globulus UTAS Campus 1,WGS_i7_371,CGGTAGGT,WGS_i5_304,GCATTCGG
Eucalyptus globulus UTAS Campus 2,WGS_i7_371,CGGTAGGT,WGS_i5_334,AAGGCAGG
A. acuminata ANBG 1,WGS_i7_371,CGGTAGGT,WGS_i5_537,TACCATCC
A. acuminata ANBG 2,WGS_i7_371,CGGTAGGT,WGS_i5_549,AGTACGCC
Angophora floribunda ANU Banks Building 1,WGS_i7_371,CGGTAGGT,WGS_i5_650,GGAATCGA
Angophora floribunda ANU Banks Building 2,WGS_i7_390,CTAGTACC,WGS_i5_1,CGTTGGTT
"E. regnans ""Centurion"" 1",WGS_i7_390,CTAGTACC,WGS_i5_68,CTAGAATT
"E. regnans ""Centurion"" 2",WGS_i7_390,CTAGTACC,WGS_i5_123,TCGGTTCT
E. relicta Whicher 1,WGS_i7_390,CTAGTACC,WGS_i5_304,GCATTCGG
E. relicta Whicher 2,WGS_i7_390,CTAGTACC,WGS_i5_334,AAGGCAGG
E. patens 1,WGS_i7_390,CTAGTACC,WGS_i5_537,TACCATCC
E. patens 2,WGS_i7_390,CTAGTACC,WGS_i5_549,AGTACGCC
E. pyriformis 1,WGS_i7_390,CTAGTACC,WGS_i5_650,GGAATCGA
E. pyriformis 2,WGS_i7_532,GGATGCTA,WGS_i5_1,CGTTGGTT
E. leucophloia 1,WGS_i7_532,GGATGCTA,WGS_i5_68,CTAGAATT
E. leucophloia 2,WGS_i7_532,GGATGCTA,WGS_i5_123,TCGGTTCT
E. gomphocephala 1,WGS_i7_532,GGATGCTA,WGS_i5_304,GCATTCGG
E. gomphocephala 2,WGS_i7_532,GGATGCTA,WGS_i5_334,AAGGCAGG
E. pumila 1,WGS_i7_532,GGATGCTA,WGS_i5_537,TACCATCC
E. pumila 2,WGS_i7_532,GGATGCTA,WGS_i5_549,AGTACGCC
E. cladocalyx 1,WGS_i7_532,GGATGCTA,WGS_i5_650,GGAATCGA
E. cladocalyx 2,WGS_i7_554,GGTTCTGA,WGS_i5_1,CGTTGGTT
E. pterocarpa 1,WGS_i7_554,GGTTCTGA,WGS_i5_68,CTAGAATT
E. pterocarpa 2,WGS_i7_554,GGTTCTGA,WGS_i5_123,TCGGTTCT
E. laeliae 1,WGS_i7_554,GGTTCTGA,WGS_i5_304,GCATTCGG
E. laeliae 2,WGS_i7_554,GGTTCTGA,WGS_i5_334,AAGGCAGG
E. scyphocalyx 1,WGS_i7_554,GGTTCTGA,WGS_i5_537,TACCATCC
E. scyphocalyx 2,WGS_i7_554,GGTTCTGA,WGS_i5_549,AGTACGCC
E. diversifolia 1,WGS_i7_554,GGTTCTGA,WGS_i5_650,GGAATCGA
E. diversifolia 2,WGS_i7_620,TATCCTCG,WGS_i5_1,CGTTGGTT
E. desmondensis 1,WGS_i7_620,TATCCTCG,WGS_i5_68,CTAGAATT
E. desmondensis 2,WGS_i7_620,TATCCTCG,WGS_i5_123,TCGGTTCT
E. brandiana 1,WGS_i7_620,TATCCTCG,WGS_i5_304,GCATTCGG
E. brandiana 2,WGS_i7_620,TATCCTCG,WGS_i5_334,AAGGCAGG
E. grandis 1,WGS_i7_620,TATCCTCG,WGS_i5_537,TACCATCC
E. grandis 2,WGS_i7_620,TATCCTCG,WGS_i5_549,AGTACGCC
E. virginea 1,WGS_i7_620,TATCCTCG,WGS_i5_650,GGAATCGA
E. virginea 2,WGS_i7_645,TCGAGAAG,WGS_i5_1,CGTTGGTT
E. decipiens 1,WGS_i7_645,TCGAGAAG,WGS_i5_68,CTAGAATT
E. decipiens 2,WGS_i7_645,TCGAGAAG,WGS_i5_123,TCGGTTCT
E. coolabah 1,WGS_i7_645,TCGAGAAG,WGS_i5_304,GCATTCGG
E. coolabah 2,WGS_i7_645,TCGAGAAG,WGS_i5_334,AAGGCAGG
A. melanoxylon 1,WGS_i7_645,TCGAGAAG,WGS_i5_537,TACCATCC
A. melanoxylon 2,WGS_i7_645,TCGAGAAG,WGS_i5_549,AGTACGCC
pan_blank2,WGS_i7_645,TCGAGAAG,WGS_i5_650,GGAATCGA
E. ovata 2,WGS_i7_658,TCTGGCGG,WGS_i5_1,CGTTGGTT
A. dealbata 1,WGS_i7_658,TCTGGCGG,WGS_i5_68,CTAGAATT
A. dealbata 2,WGS_i7_658,TCTGGCGG,WGS_i5_123,TCGGTTCT
E. ovata 1,WGS_i7_658,TCTGGCGG,WGS_i5_304,GCATTCGG
O. australiensis - 300131 (VR) 1,WGS_i7_658,TCTGGCGG,WGS_i5_334,AAGGCAGG
O. australiensis - 300131 (VR) 2,WGS_i7_658,TCTGGCGG,WGS_i5_537,TACCATCC
O. meridionalis (BH) 1,WGS_i7_658,TCTGGCGG,WGS_i5_549,AGTACGCC
O. meridionalis (BH) 2,WGS_i7_658,TCTGGCGG,WGS_i5_650,GGAATCGA
O. sativa - Javanica 1,WGS_i7_659,TCTTAGCT,WGS_i5_1,CGTTGGTT
O. sativa - Javanica 2,WGS_i7_659,TCTTAGCT,WGS_i5_68,CTAGAATT
O. australiensis - Keep River 1,WGS_i7_659,TCTTAGCT,WGS_i5_123,TCGGTTCT
O. australiensis - Keep River 2,WGS_i7_659,TCTTAGCT,WGS_i5_304,GCATTCGG
O. australiensis - 300134 (CH) 1,WGS_i7_659,TCTTAGCT,WGS_i5_334,AAGGCAGG
O. australiensis - 300134 (CH) 2,WGS_i7_659,TCTTAGCT,WGS_i5_537,TACCATCC
O. australiensis - 300137 (D) 1,WGS_i7_659,TCTTAGCT,WGS_i5_549,AGTACGCC
O. australiensis - 300137 (D) 2,WGS_i7_659,TCTTAGCT,WGS_i5_650,GGAATCGA
J296,WGS_i7_71,ACGCCGTT,WGS_i5_1,CGTTGGTT
rosekev_blank1,WGS_i7_71,ACGCCGTT,WGS_i5_68,CTAGAATT
J406,WGS_i7_71,ACGCCGTT,WGS_i5_123,TCGGTTCT
J395,WGS_i7_71,ACGCCGTT,WGS_i5_304,GCATTCGG
J364,WGS_i7_71,ACGCCGTT,WGS_i5_334,AAGGCAGG
J383,WGS_i7_71,ACGCCGTT,WGS_i5_537,TACCATCC
J330,WGS_i7_71,ACGCCGTT,WGS_i5_549,AGTACGCC
J311,WGS_i7_71,ACGCCGTT,WGS_i5_650,GGAATCGA
J334,WGS_i7_220,CAATATCC,WGS_i5_1,CGTTGGTT
J370,WGS_i7_220,CAATATCC,WGS_i5_68,CTAGAATT
J327,WGS_i7_220,CAATATCC,WGS_i5_123,TCGGTTCT
J310,WGS_i7_220,CAATATCC,WGS_i5_304,GCATTCGG
J298,WGS_i7_220,CAATATCC,WGS_i5_334,AAGGCAGG
J371,WGS_i7_220,CAATATCC,WGS_i5_537,TACCATCC
J349,WGS_i7_220,CAATATCC,WGS_i5_549,AGTACGCC
J321g,WGS_i7_220,CAATATCC,WGS_i5_650,GGAATCGA
J393,WGS_i7_290,CCGCCGCA,WGS_i5_1,CGTTGGTT
J344,WGS_i7_290,CCGCCGCA,WGS_i5_68,CTAGAATT
j315,WGS_i7_290,CCGCCGCA,WGS_i5_123,TCGGTTCT
J423,WGS_i7_290,CCGCCGCA,WGS_i5_304,GCATTCGG
J398,WGS_i7_290,CCGCCGCA,WGS_i5_334,AAGGCAGG
J400,WGS_i7_290,CCGCCGCA,WGS_i5_537,TACCATCC
J335,WGS_i7_290,CCGCCGCA,WGS_i5_549,AGTACGCC
J373,WGS_i7_290,CCGCCGCA,WGS_i5_650,GGAATCGA
J319,WGS_i7_341,CGATTCGG,WGS_i5_1,CGTTGGTT
J320,WGS_i7_341,CGATTCGG,WGS_i5_68,CTAGAATT
J342,WGS_i7_341,CGATTCGG,WGS_i5_123,TCGGTTCT
J328,WGS_i7_341,CGATTCGG,WGS_i5_304,GCATTCGG
J392,WGS_i7_341,CGATTCGG,WGS_i5_334,AAGGCAGG
J374,WGS_i7_341,CGATTCGG,WGS_i5_537,TACCATCC
J294,WGS_i7_341,CGATTCGG,WGS_i5_549,AGTACGCC
J350,WGS_i7_341,CGATTCGG,WGS_i5_650,GGAATCGA
J379,WGS_i7_435,GAAGAACG,WGS_i5_1,CGTTGGTT
J367i,WGS_i7_435,GAAGAACG,WGS_i5_68,CTAGAATT
VMA18,WGS_i7_435,GAAGAACG,WGS_i5_123,TCGGTTCT
J417,WGS_i7_435,GAAGAACG,WGS_i5_304,GCATTCGG
J351,WGS_i7_435,GAAGAACG,WGS_i5_334,AAGGCAGG
J348,WGS_i7_435,GAAGAACG,WGS_i5_537,TACCATCC
J360,WGS_i7_435,GAAGAACG,WGS_i5_549,AGTACGCC
J353,WGS_i7_435,GAAGAACG,WGS_i5_650,GGAATCGA
J416,WGS_i7_574,GTCTCGTT,WGS_i5_1,CGTTGGTT
J363,WGS_i7_574,GTCTCGTT,WGS_i5_68,CTAGAATT
J432,WGS_i7_574,GTCTCGTT,WGS_i5_123,TCGGTTCT
J322,WGS_i7_574,GTCTCGTT,WGS_i5_304,GCATTCGG
J372,WGS_i7_574,GTCTCGTT,WGS_i5_334,AAGGCAGG
J427,WGS_i7_574,GTCTCGTT,WGS_i5_537,TACCATCC
J404,WGS_i7_574,GTCTCGTT,WGS_i5_549,AGTACGCC
J358,WGS_i7_574,GTCTCGTT,WGS_i5_650,GGAATCGA
J329,WGS_i7_579,GTTAGCGG,WGS_i5_1,CGTTGGTT
J316,WGS_i7_579,GTTAGCGG,WGS_i5_68,CTAGAATT
J419,WGS_i7_579,GTTAGCGG,WGS_i5_123,TCGGTTCT
J333,WGS_i7_579,GTTAGCGG,WGS_i5_304,GCATTCGG
Blank,WGS_i7_579,GTTAGCGG,WGS_i5_334,AAGGCAGG
J411,WGS_i7_579,GTTAGCGG,WGS_i5_537,TACCATCC
J365,WGS_i7_579,GTTAGCGG,WGS_i5_549,AGTACGCC
J324,WGS_i7_579,GTTAGCGG,WGS_i5_650,GGAATCGA
J307,WGS_i7_586,GTTGGAAT,WGS_i5_1,CGTTGGTT
J387,WGS_i7_586,GTTGGAAT,WGS_i5_68,CTAGAATT
J338,WGS_i7_586,GTTGGAAT,WGS_i5_123,TCGGTTCT
J401,WGS_i7_586,GTTGGAAT,WGS_i5_304,GCATTCGG
J355b,WGS_i7_586,GTTGGAAT,WGS_i5_334,AAGGCAGG
J343,WGS_i7_586,GTTGGAAT,WGS_i5_537,TACCATCC
J405,WGS_i7_586,GTTGGAAT,WGS_i5_549,AGTACGCC
J414,WGS_i7_586,GTTGGAAT,WGS_i5_650,GGAATCGA
J339,WGS_i7_673,TGCGTATC,WGS_i5_1,CGTTGGTT
RA1006,WGS_i7_673,TGCGTATC,WGS_i5_68,CTAGAATT
J359,WGS_i7_673,TGCGTATC,WGS_i5_123,TCGGTTCT
J367,WGS_i7_673,TGCGTATC,WGS_i5_304,GCATTCGG
J345,WGS_i7_673,TGCGTATC,WGS_i5_334,AAGGCAGG
J317,WGS_i7_673,TGCGTATC,WGS_i5_537,TACCATCC
J366,WGS_i7_673,TGCGTATC,WGS_i5_549,AGTACGCC
J357,WGS_i7_673,TGCGTATC,WGS_i5_650,GGAATCGA
J385,WGS_i7_744,TTGCTTGC,WGS_i5_1,CGTTGGTT
J431,WGS_i7_744,TTGCTTGC,WGS_i5_68,CTAGAATT
J376,WGS_i7_744,TTGCTTGC,WGS_i5_123,TCGGTTCT
J362,WGS_i7_744,TTGCTTGC,WGS_i5_304,GCATTCGG
J421,WGS_i7_744,TTGCTTGC,WGS_i5_334,AAGGCAGG
J355,WGS_i7_744,TTGCTTGC,WGS_i5_537,TACCATCC
J347,WGS_i7_744,TTGCTTGC,WGS_i5_549,AGTACGCC
J418,WGS_i7_744,TTGCTTGC,WGS_i5_650,GGAATCGA
J407,WGS_I7_20,AAGACCGC,WGS_i5_3,GCATGGTT
TLC720,WGS_I7_20,AAGACCGC,WGS_i5_139,CAGGCTCT
J366,WGS_I7_20,AAGACCGC,WGS_i5_197,ATGGCTAT
J361,WGS_I7_20,AAGACCGC,WGS_i5_321,GGTTACGG
TLC726,WGS_I7_20,AAGACCGC,WGS_i5_480,TTAAGATC
J333a,WGS_I7_20,AAGACCGC,WGS_i5_566,CCTCAACC
J402,WGS_I7_20,AAGACCGC,WGS_i5_577,AGCCTGAC
J413,WGS_I7_309,CCTAGATA,WGS_i5_3,GCATGGTT
J375,WGS_I7_309,CCTAGATA,WGS_i5_139,CAGGCTCT
J435d,WGS_I7_309,CCTAGATA,WGS_i5_197,ATGGCTAT
J331,WGS_I7_309,CCTAGATA,WGS_i5_321,GGTTACGG
FDK10,WGS_I7_309,CCTAGATA,WGS_i5_480,TTAAGATC
J368,WGS_I7_309,CCTAGATA,WGS_i5_566,CCTCAACC
Gund21,WGS_I7_309,CCTAGATA,WGS_i5_577,AGCCTGAC
J427a,WGS_I7_381,CGTTCCAT,WGS_i5_3,GCATGGTT
J377,WGS_I7_381,CGTTCCAT,WGS_i5_139,CAGGCTCT
Blank,WGS_I7_381,CGTTCCAT,WGS_i5_197,ATGGCTAT
J326,WGS_I7_381,CGTTCCAT,WGS_i5_321,GGTTACGG
J365,WGS_I7_381,CGTTCCAT,WGS_i5_480,TTAAGATC
J381,WGS_I7_381,CGTTCCAT,WGS_i5_566,CCTCAACC
Gund24,WGS_I7_381,CGTTCCAT,WGS_i5_577,AGCCTGAC
J405,WGS_I7_423,CTGGTTCG,WGS_i5_3,GCATGGTT
J386,WGS_I7_423,CTGGTTCG,WGS_i5_139,CAGGCTCT
J433a,WGS_I7_423,CTGGTTCG,WGS_i5_197,ATGGCTAT
J346,WGS_I7_423,CTGGTTCG,WGS_i5_321,GGTTACGG
J424,WGS_I7_423,CTGGTTCG,WGS_i5_480,TTAAGATC
J403,WGS_I7_423,CTGGTTCG,WGS_i5_566,CCTCAACC
Gund15,WGS_I7_423,CTGGTTCG,WGS_i5_577,AGCCTGAC
J340,WGS_I7_533,GGATTACC,WGS_i5_3,GCATGGTT
J426,WGS_I7_533,GGATTACC,WGS_i5_139,CAGGCTCT
J388F,WGS_I7_533,GGATTACC,WGS_i5_197,ATGGCTAT
J389,WGS_I7_533,GGATTACC,WGS_i5_321,GGTTACGG
J412,WGS_I7_533,GGATTACC,WGS_i5_480,TTAAGATC
J341,WGS_I7_533,GGATTACC,WGS_i5_566,CCTCAACC
Gund22,WGS_I7_533,GGATTACC,WGS_i5_577,AGCCTGAC
VWG14,WGS_I7_546,GGTATCTA,WGS_i5_3,GCATGGTT
J382A,WGS_I7_546,GGTATCTA,WGS_i5_139,CAGGCTCT
J434a,WGS_I7_546,GGTATCTA,WGS_i5_197,ATGGCTAT
J404,WGS_I7_546,GGTATCTA,WGS_i5_321,GGTTACGG
J420,WGS_I7_546,GGTATCTA,WGS_i5_480,TTAAGATC
J406,WGS_I7_546,GGTATCTA,WGS_i5_566,CCTCAACC
Gund16,WGS_I7_546,GGTATCTA,WGS_i5_577,AGCCTGAC
J399,WGS_I7_571,GTCGCTAG,WGS_i5_3,GCATGGTT
TLC775,WGS_I7_571,GTCGCTAG,WGS_i5_139,CAGGCTCT
J428d,WGS_I7_571,GTCGCTAG,WGS_i5_197,ATGGCTAT
J303,WGS_I7_571,GTCGCTAG,WGS_i5_321,GGTTACGG
J422,WGS_I7_571,GTCGCTAG,WGS_i5_480,TTAAGATC
J327,WGS_I7_571,GTCGCTAG,WGS_i5_566,CCTCAACC
Gund26,WGS_I7_571,GTCGCTAG,WGS_i5_577,AGCCTGAC
J369,WGS_I7_627,TCAGAGAT,WGS_i5_3,GCATGGTT
J437,WGS_I7_627,TCAGAGAT,WGS_i5_139,CAGGCTCT
J436d,WGS_I7_627,TCAGAGAT,WGS_i5_197,ATGGCTAT
NE90535,WGS_I7_627,TCAGAGAT,WGS_i5_321,GGTTACGG
J318,WGS_I7_627,TCAGAGAT,WGS_i5_480,TTAAGATC
J402,WGS_I7_627,TCAGAGAT,WGS_i5_566,CCTCAACC
Gund23,WGS_I7_627,TCAGAGAT,WGS_i5_577,AGCCTGAC
TLC715,WGS_I7_652,TCTATGGA,WGS_i5_3,GCATGGTT
J429f,WGS_I7_652,TCTATGGA,WGS_i5_139,CAGGCTCT
J354,WGS_I7_652,TCTATGGA,WGS_i5_197,ATGGCTAT
J425i,WGS_I7_652,TCTATGGA,WGS_i5_321,GGTTACGG
J438,WGS_I7_652,TCTATGGA,WGS_i5_480,TTAAGATC
J342,WGS_I7_652,TCTATGGA,WGS_i5_566,CCTCAACC
rose_kev_blank2,WGS_I7_652,TCTATGGA,WGS_i5_577,AGCCTGAC
J301,WGS_I7_666,TGAGGTTC,WGS_i5_3,GCATGGTT
J390,WGS_I7_666,TGAGGTTC,WGS_i5_139,CAGGCTCT
J408,WGS_I7_666,TGAGGTTC,WGS_i5_197,ATGGCTAT
J347,WGS_I7_666,TGAGGTTC,WGS_i5_321,GGTTACGG
J394g,WGS_I7_666,TGAGGTTC,WGS_i5_480,TTAAGATC
TLC725,WGS_I7_666,TGAGGTTC,WGS_i5_566,CCTCAACC
rose_kev_blank3,WGS_I7_666,TGAGGTTC,WGS_i5_577,AGCCTGAC
