Sample,Has seed?,Location,Row,Column,[Stock],DNA,Water,[2ng],DNA,Water,PCR cycles,[PCR],Pooled,Locaton,i7,i7,i7,i5,i5,i5
NCT,No,A01,A,1,0.39,25,0.1,0.4,25,0.1,14,1.92,5,A01,B-0055,WGS_i7_3,AACCATAA,B-0031,WGS_i5_3,GCATGGTT
EMW0001,Yes,B01,B,1,19.67,2.54,22.46,2.06,9.7,15.3,14,9.09,9.90561,B01,B-0055,WGS_i7_3,AACCATAA,B-0032,WGS_i5_139,CAGGCTCT
EMW0001_rep,Yes,C01,C,1,18.83,2.66,22.34,1.87,10.72,14.28,14,8.94,10.06554,C01,B-0055,WGS_i7_3,AACCATAA,B-0033,WGS_i5_197,ATGGCTAT
EMW0002,Yes,D01,D,1,30.88,1.62,23.38,3.38,5.91,19.09,14,7.77,11.58605,D01,B-0055,WGS_i7_3,AACCATAA,B-0034,WGS_i5_321,GGTTACGG
EMW0002_rep,Yes,E01,E,1,27.52,1.82,23.18,2.67,7.49,17.51,14,8.77,10.25712,E01,B-0055,WGS_i7_3,AACCATAA,B-0035,WGS_i5_480,TTAAGATC
EMW0003,Yes,F01,F,1,20.94,2.39,22.61,2.3,8.7,16.3,14,8.4,10.72023,F01,B-0055,WGS_i7_3,AACCATAA,B-0036,WGS_i5_566,CCTCAACC
EMW0003_rep,Yes,G01,G,1,20.44,2.45,22.55,2.48,8.07,16.93,14,7.75,11.61221,G01,B-0055,WGS_i7_3,AACCATAA,B-0037,WGS_i5_577,AGCCTGAC
EMW0004,Yes,H01,H,1,12.86,3.89,21.11,2.01,9.97,15.03,14,7.35,12.24395,H01,B-0055,WGS_i7_3,AACCATAA,B-0038,WGS_i5_651,TACGGCGA
EMW0005,Yes,A02,A,2,6.03,8.29,16.71,1.92,10.44,14.56,14,9.59,9.380118,A02,B-0056,WGS_i7_51,ACCAGCAA,B-0031,WGS_i5_3,GCATGGTT
EMW0006,Yes,B02,B,2,32.52,1.54,23.46,4.71,4.24,20.76,14,8.94,10.06207,B02,B-0056,WGS_i7_51,ACCAGCAA,B-0032,WGS_i5_139,CAGGCTCT
CMD0001,No,C02,C,2,26.03,1.92,23.08,2.96,6.75,18.25,14,9.1,9.894961,C02,B-0056,WGS_i7_51,ACCAGCAA,B-0033,WGS_i5_197,ATGGCTAT
CMB0002,Yes,D02,D,2,28.6,1.75,23.25,3.35,5.96,19.04,14,9.18,9.807556,D02,B-0056,WGS_i7_51,ACCAGCAA,B-0034,WGS_i5_321,GGTTACGG
CMB0003,Yes,E02,E,2,26.46,1.89,23.11,2.76,7.24,17.76,14,9.21,9.775756,E02,B-0056,WGS_i7_51,ACCAGCAA,B-0035,WGS_i5_480,TTAAGATC
CMB0004,Yes,F02,F,2,18.86,2.65,22.35,2.29,8.73,16.27,14,7.76,11.60258,F02,B-0056,WGS_i7_51,ACCAGCAA,B-0036,WGS_i5_566,CCTCAACC
CMB0005,Yes,G02,G,2,16.16,3.09,21.91,2.04,9.81,15.19,14,9.36,9.615835,G02,B-0056,WGS_i7_51,ACCAGCAA,B-0037,WGS_i5_577,AGCCTGAC
GOL0001,No,H02,H,2,17.14,2.92,22.08,2.17,9.24,15.76,14,7.59,11.86069,H02,B-0056,WGS_i7_51,ACCAGCAA,B-0038,WGS_i5_651,TACGGCGA
GOL0002,No,A03,A,3,31.8,1.57,23.43,4.01,4.99,20.01,14,8.64,10.41535,A03,B-0057,WGS_i7_71,ACGCCGTT,B-0031,WGS_i5_3,GCATGGTT
GOL0003,Yes,B03,B,3,30.62,1.63,23.37,3.77,5.31,19.69,14,7.89,11.41326,B03,B-0057,WGS_i7_71,ACGCCGTT,B-0032,WGS_i5_139,CAGGCTCT
GOL0004,Yes,C03,C,3,28.94,1.73,23.27,3.32,6.02,18.98,14,7.44,12.09574,C03,B-0057,WGS_i7_71,ACGCCGTT,B-0033,WGS_i5_197,ATGGCTAT
GOL0005,Yes,D03,D,3,31.74,1.58,23.42,3.94,5.08,19.92,14,7.78,11.5711,D03,B-0057,WGS_i7_71,ACGCCGTT,B-0034,WGS_i5_321,GGTTACGG
GOL0006,No,E03,E,3,27.16,1.84,23.16,2.71,7.39,17.61,14,7.6,11.83501,E03,B-0057,WGS_i7_71,ACGCCGTT,B-0035,WGS_i5_480,TTAAGATC
GOL0007,No,F03,F,3,32.66,1.53,23.47,4.13,4.85,20.15,14,7.85,11.47204,F03,B-0057,WGS_i7_71,ACGCCGTT,B-0036,WGS_i5_566,CCTCAACC
GOL0008,Yes,G03,G,3,29.77,1.68,23.32,3.65,5.47,19.53,14,8.07,11.14592,G03,B-0057,WGS_i7_71,ACGCCGTT,B-0037,WGS_i5_577,AGCCTGAC
GOL0009,No,H03,H,3,12.45,4.02,20.98,1.76,11.34,13.66,14,7.25,12.41299,H03,B-0057,WGS_i7_71,ACGCCGTT,B-0038,WGS_i5_651,TACGGCGA
GOL0010,Yes,A04,A,4,31.82,1.57,23.43,4.12,4.86,20.14,14,8.13,11.06657,A04,B-0058,WGS_i7_220,CAATATCC,B-0031,WGS_i5_3,GCATGGTT
GOL0011,Yes,B04,B,4,35.26,1.42,23.58,5.64,3.55,21.45,14,7.44,12.10453,B04,B-0058,WGS_i7_220,CAATATCC,B-0032,WGS_i5_139,CAGGCTCT
GOL0012,Yes,C04,C,4,28.05,1.78,23.22,3.08,6.49,18.51,14,7.71,11.66916,C04,B-0058,WGS_i7_220,CAATATCC,B-0033,WGS_i5_197,ATGGCTAT
GOL0013,No,D04,D,4,31.98,1.56,23.44,3.32,6.02,18.98,14,7.55,11.92459,D04,B-0058,WGS_i7_220,CAATATCC,B-0034,WGS_i5_321,GGTTACGG
GOL0014,Yes,E04,E,4,21.74,2.3,22.7,2.49,8.03,16.97,14,7.3,12.33245,E04,B-0058,WGS_i7_220,CAATATCC,B-0035,WGS_i5_480,TTAAGATC
GOL0015,No,F04,F,4,26.14,1.91,23.09,3.16,6.33,18.67,14,7.61,11.825,F04,B-0058,WGS_i7_220,CAATATCC,B-0036,WGS_i5_566,CCTCAACC
GOL0016,No,G04,G,4,26.23,1.91,23.09,3.19,6.28,18.72,14,7.33,12.27359,G04,B-0058,WGS_i7_220,CAATATCC,B-0037,WGS_i5_577,AGCCTGAC
GOL0017,No,H04,H,4,19.3,2.59,22.41,2.14,9.35,15.65,14,7.88,11.42556,H04,B-0058,WGS_i7_220,CAATATCC,B-0038,WGS_i5_651,TACGGCGA
GOL0018,Yes,A05,A,5,27.93,1.79,23.21,3.68,5.44,19.56,14,7.43,12.10914,A05,B-0059,WGS_i7_290,CCGCCGCA,B-0031,WGS_i5_3,GCATGGTT
GOL0019,Yes,B05,B,5,26.06,1.92,23.08,3.18,6.29,18.71,14,7.49,12.0238,B05,B-0059,WGS_i7_290,CCGCCGCA,B-0032,WGS_i5_139,CAGGCTCT
GOL0020,No,C05,C,5,23.38,2.14,22.86,2.66,7.51,17.49,14,7.82,11.51055,C05,B-0059,WGS_i7_290,CCGCCGCA,B-0033,WGS_i5_197,ATGGCTAT
GOL0021,No,D05,D,5,21.96,2.28,22.72,2.3,8.69,16.31,14,7.16,12.57048,D05,B-0059,WGS_i7_290,CCGCCGCA,B-0034,WGS_i5_321,GGTTACGG
GOL0022,No,E05,E,5,27.06,1.85,23.15,3.37,5.94,19.06,14,8.07,11.15801,E05,B-0059,WGS_i7_290,CCGCCGCA,B-0035,WGS_i5_480,TTAAGATC
GOL0023,Yes,F05,F,5,25.79,1.94,23.06,2.59,7.72,17.28,14,7.68,11.72078,F05,B-0059,WGS_i7_290,CCGCCGCA,B-0036,WGS_i5_566,CCTCAACC
GOL0024,No,G05,G,5,26.86,1.86,23.14,2.8,7.14,17.86,14,6.96,12.93066,G05,B-0059,WGS_i7_290,CCGCCGCA,B-0037,WGS_i5_577,AGCCTGAC
GOL0025,Yes,H05,H,5,11.69,4.28,20.72,1.81,11.07,13.93,14,7.95,11.32493,H05,B-0059,WGS_i7_290,CCGCCGCA,B-0038,WGS_i5_651,TACGGCGA
GOL0026,Yes,A06,A,6,31.32,1.6,23.4,4.84,4.13,20.87,14,6.06,14.84442,A06,B-0060,WGS_i7_341,CGATTCGG,B-0031,WGS_i5_3,GCATGGTT
GOL0027,No,B06,B,6,27.79,1.8,23.2,3.75,5.34,19.66,14,6.84,13.15092,B06,B-0060,WGS_i7_341,CGATTCGG,B-0032,WGS_i5_139,CAGGCTCT
GOL0028,Yes,C06,C,6,27.37,1.83,23.17,3.67,5.46,19.54,14,8.24,10.92313,C06,B-0060,WGS_i7_341,CGATTCGG,B-0033,WGS_i5_197,ATGGCTAT
GOL0029,Yes,D06,D,6,29.71,1.68,23.32,3.6,5.55,19.45,14,5.07,15,D06,B-0060,WGS_i7_341,CGATTCGG,B-0034,WGS_i5_321,GGTTACGG
GOL0030,No,E06,E,6,25.4,1.97,23.03,3.75,5.33,19.67,14,7.76,11.60334,E06,B-0060,WGS_i7_341,CGATTCGG,B-0035,WGS_i5_480,TTAAGATC
GOL0031,No,F06,F,6,26.51,1.89,23.11,3.57,5.6,19.4,14,6.43,13.99164,F06,B-0060,WGS_i7_341,CGATTCGG,B-0036,WGS_i5_566,CCTCAACC
GOL0032,No,G06,G,6,22.63,2.21,22.79,2.97,6.74,18.26,14,7.38,12.19102,G06,B-0060,WGS_i7_341,CGATTCGG,B-0037,WGS_i5_577,AGCCTGAC
GOL0033,Yes,H06,H,6,25.54,1.96,23.04,2.96,6.76,18.24,14,8,11.247,H06,B-0060,WGS_i7_341,CGATTCGG,B-0038,WGS_i5_651,TACGGCGA
GOL0034,Yes,A07,A,7,34.3,1.46,23.54,6.66,3.01,21.99,14,4.5,15,A07,B-0061,WGS_i7_435,GAAGAACG,B-0031,WGS_i5_3,GCATGGTT
GOL0035,Yes,B07,B,7,24.28,2.06,22.94,3.88,5.15,19.85,14,7.42,12.12509,B07,B-0061,WGS_i7_435,GAAGAACG,B-0032,WGS_i5_139,CAGGCTCT
GOL0036,No,C07,C,7,29.8,1.68,23.32,4.21,4.75,20.25,14,7.07,12.72431,C07,B-0061,WGS_i7_435,GAAGAACG,B-0033,WGS_i5_197,ATGGCTAT
GOL0037,Yes,D07,D,7,28.72,1.74,23.26,4.28,4.67,20.33,14,6.53,13.77221,D07,B-0061,WGS_i7_435,GAAGAACG,B-0034,WGS_i5_321,GGTTACGG
GOL0038,Yes,E07,E,7,27.78,1.8,23.2,4.29,4.66,20.34,14,8.27,10.87783,E07,B-0061,WGS_i7_435,GAAGAACG,B-0035,WGS_i5_480,TTAAGATC
GOL0039,Yes,F07,F,7,30.13,1.66,23.34,4.68,4.27,20.73,14,7.84,11.48058,F07,B-0061,WGS_i7_435,GAAGAACG,B-0036,WGS_i5_566,CCTCAACC
GOL0040,Yes,G07,G,7,28.84,1.73,23.27,3.65,5.48,19.52,14,6.8,13.23452,G07,B-0061,WGS_i7_435,GAAGAACG,B-0037,WGS_i5_577,AGCCTGAC
GOL0041,Yes,H07,H,7,13.64,3.67,21.33,1.72,11.63,13.37,14,7.26,12.38944,H07,B-0061,WGS_i7_435,GAAGAACG,B-0038,WGS_i5_651,TACGGCGA
Blank,Blank,A08,A,8,-0.14,25,0,0.07,25,0,14,0.76,0,A08,,,,,,
Blank,Blank,B08,B,8,-0.13,25,0,0.08,25,0,14,0.86,0,B08,,,,,,
Blank,Blank,C08,C,8,-0.13,25,0,0.08,25,0,14,1.04,0,C08,,,,,,
Blank,Blank,D08,D,8,-0.13,25,0,0.08,25,0,14,0.89,0,D08,,,,,,
Blank,Blank,E08,E,8,-0.14,25,0,0.08,25,0,14,1.01,0,E08,,,,,,
Blank,Blank,F08,F,8,-0.13,25,0,0.08,25,0,14,0.98,0,F08,,,,,,
Blank,Blank,G08,G,8,-0.13,25,0,0.08,25,0,14,0.97,0,G08,,,,,,
Blank,Blank,H08,H,8,-0.14,25,0,0.08,25,0,14,0.91,0,H08,,,,,,
Blank,Blank,A09,A,9,-0.14,25,0,0.08,25,0,14,0.73,0,A09,,,,,,
Blank,Blank,B09,B,9,-0.13,25,0,0.08,25,0,14,0.74,0,B09,,,,,,
Blank,Blank,C09,C,9,-0.13,25,0,0.07,25,0,14,0.8,0,C09,,,,,,
Blank,Blank,D09,D,9,-0.13,25,0,0.07,25,0,14,0.76,0,D09,,,,,,
Blank,Blank,E09,E,9,-0.14,25,0,0.08,25,0,14,0.87,0,E09,,,,,,
Blank,Blank,F09,F,9,-0.14,25,0,0.08,25,0,14,0.91,0,F09,,,,,,
Blank,Blank,G09,G,9,-0.14,25,0,0.08,25,0,14,0.88,0,G09,,,,,,
Blank,Blank,H09,H,9,-0.14,25,0,0.08,25,0,14,0.88,0,H09,,,,,,
GOL0056,No,A10,A,10,17.68,2.83,22.17,1.89,10.56,14.44,14,7,12.85802,A10,B-0064,WGS_i7_586,GTTGGAAT,B-0031,WGS_i5_3,GCATGGTT
GOL0057,Yes,B10,B,10,16.77,2.98,22.02,2.04,9.82,15.18,14,6.87,13.09828,B10,B-0064,WGS_i7_586,GTTGGAAT,B-0032,WGS_i5_139,CAGGCTCT
GOL0058,No,C10,C,10,17.52,2.85,22.15,2.17,9.22,15.78,14,7.49,12.02379,C10,B-0064,WGS_i7_586,GTTGGAAT,B-0033,WGS_i5_197,ATGGCTAT
GOL0059,Yes,D10,D,10,15.38,3.25,21.75,1.9,10.54,14.46,14,7.33,12.28499,D10,B-0064,WGS_i7_586,GTTGGAAT,B-0034,WGS_i5_321,GGTTACGG
GOL0060,No,E10,E,10,21.08,2.37,22.63,2.71,7.39,17.61,14,7.56,11.90558,E10,B-0064,WGS_i7_586,GTTGGAAT,B-0035,WGS_i5_480,TTAAGATC
NSW0001,No,F10,F,10,13.43,3.72,21.28,2.02,9.92,15.08,14,7.23,12.44961,F10,B-0064,WGS_i7_586,GTTGGAAT,B-0036,WGS_i5_566,CCTCAACC
NSW0002,Yes,G10,G,10,14.99,3.34,21.66,2.05,9.74,15.26,14,7.99,11.26695,G10,B-0064,WGS_i7_586,GTTGGAAT,B-0037,WGS_i5_577,AGCCTGAC
NSW0003,No,H10,H,10,12.61,3.97,21.03,1.77,11.31,13.69,14,7.67,11.73061,H10,B-0064,WGS_i7_586,GTTGGAAT,B-0038,WGS_i5_651,TACGGCGA
NSW0004,Yes,A11,A,11,11.22,4.46,20.54,2.1,9.52,15.48,14,6.52,13.80306,A11,B-0065,WGS_i7_673,TGCGTATC,B-0031,WGS_i5_3,GCATGGTT
NSW0005,No,B11,B,11,25.89,1.93,23.07,3.41,5.87,19.13,14,6.77,13.29464,B11,B-0065,WGS_i7_673,TGCGTATC,B-0032,WGS_i5_139,CAGGCTCT
NSW0006,Yes,C11,C,11,24.92,2.01,22.99,3.34,5.99,19.01,14,7.43,12.1092,C11,B-0065,WGS_i7_673,TGCGTATC,B-0033,WGS_i5_197,ATGGCTAT
NSW0007,Yes,D11,D,11,16.76,2.98,22.02,2.16,9.24,15.76,14,7.32,12.29962,D11,B-0065,WGS_i7_673,TGCGTATC,B-0034,WGS_i5_321,GGTTACGG
NSW0008,Yes,E11,E,11,21.14,2.36,22.64,2.59,7.71,17.29,14,7.45,12.08461,E11,B-0065,WGS_i7_673,TGCGTATC,B-0035,WGS_i5_480,TTAAGATC
NSW0009,No,F11,F,11,19.49,2.57,22.43,2.64,7.56,17.44,14,7.4,12.15783,F11,B-0065,WGS_i7_673,TGCGTATC,B-0036,WGS_i5_566,CCTCAACC
NSW0010,Yes,G11,G,11,16.09,3.11,21.89,2.14,9.33,15.67,14,7.23,12.45049,G11,B-0065,WGS_i7_673,TGCGTATC,B-0037,WGS_i5_577,AGCCTGAC
NSW0011,Yes,H11,H,11,7.84,6.38,18.62,1.73,11.58,13.42,14,7.13,12.62233,H11,B-0065,WGS_i7_673,TGCGTATC,B-0038,WGS_i5_651,TACGGCGA
NSW0012,No,A12,A,12,12.22,4.09,20.91,2.42,8.26,16.74,14,6.98,12.89106,A12,B-0066,WGS_i7_744,TTGCTTGC,B-0031,WGS_i5_3,GCATGGTT
NSW0013,Yes,B12,B,12,20.32,2.46,22.54,2.52,7.95,17.05,14,6.31,14.26158,B12,B-0066,WGS_i7_744,TTGCTTGC,B-0032,WGS_i5_139,CAGGCTCT
NSW0014,Yes,C12,C,12,13.83,3.62,21.38,1.92,10.41,14.59,14,7.09,12.69855,C12,B-0066,WGS_i7_744,TTGCTTGC,B-0033,WGS_i5_197,ATGGCTAT
NSW0015,No,D12,D,12,20.29,2.46,22.54,2.72,7.36,17.64,14,6.79,13.2475,D12,B-0066,WGS_i7_744,TTGCTTGC,B-0034,WGS_i5_321,GGTTACGG
NSW0016,Yes,E12,E,12,20.33,2.46,22.54,3.13,6.4,18.6,14,7.04,12.78314,E12,B-0066,WGS_i7_744,TTGCTTGC,B-0035,WGS_i5_480,TTAAGATC
NSW0017,Yes,F12,F,12,14.07,3.55,21.45,1.91,10.45,14.55,14,7.25,12.41923,F12,B-0066,WGS_i7_744,TTGCTTGC,B-0036,WGS_i5_566,CCTCAACC
NSW0018,No,G12,G,12,14.96,3.34,21.66,2.01,9.96,15.04,14,6.5,13.84551,G12,B-0066,WGS_i7_744,TTGCTTGC,B-0037,WGS_i5_577,AGCCTGAC
NSW0019,Yes,H12,H,12,12.01,4.16,20.84,1.65,12.15,12.85,14,6.4,14.06847,H12,B-0066,WGS_i7_744,TTGCTTGC,B-0038,WGS_i5_651,TACGGCGA