sample_id,plate,well,qubit_stock,dil1_dna,dil1_water,qubit_2ng,dil2_dna,dil2_water,pcr_cycles,library_qubit,conc_gxii_400to800bp,conc_gxii_500to800bp,amount_pooled_ul,pippin_selection,plate_position,i7,i7_name,i7_forward,i5,i5_name,i5_reverse_comp
Blank1,1,A01,0.09,25,0.1,0.08,25,0.1,14,1.31,,,15,450-800,A01,B-0108,WGS_i7_4,AACCGAAC,B-0100,WGS_i5_1,CGTTGGTT
Corymbia maculata Arboretum ACT 1,1,B01,18.24,2.74,22.26,4.9,4.08,20.92,14,5.61,,,15,450-800,B01,B-0108,WGS_i7_4,AACCGAAC,B-0101,WGS_i5_68,CTAGAATT
Corymbia maculata Arboretum ACT 2,1,C01,21,2.38,22.62,3.53,5.66,19.34,14,9.7,,,9.279407,450-800,C01,B-0108,WGS_i7_4,AACCGAAC,B-0102,WGS_i5_123,TCGGTTCT
Eucalyptus morrisbyi UTAS Campus 1,1,D01,23.75,2.11,22.89,3.04,6.58,18.42,14,8.61,,,10.45843,450-800,D01,B-0108,WGS_i7_4,AACCGAAC,B-0103,WGS_i5_304,GCATTCGG
Eucalyptus morrisbyi UTAS Campus 2,1,E01,21.64,2.31,22.69,3.01,6.64,18.36,14,8.73,,,10.30868,450-800,E01,B-0108,WGS_i7_4,AACCGAAC,B-0104,WGS_i5_334,AAGGCAGG
Eucalyptus tenuipes ANBG 1,1,F01,17.96,2.78,22.22,2.75,7.27,17.73,14,7.2,,,12.50142,450-800,F01,B-0108,WGS_i7_4,AACCGAAC,B-0105,WGS_i5_537,TACCATCC
Eucalyptus tenuipes ANBG 2,1,G01,15.97,3.13,21.87,2.39,8.39,16.61,14,6.32,,,14.2497,450-800,G01,B-0108,WGS_i7_4,AACCGAAC,B-0106,WGS_i5_549,AGTACGCC
Eucalyptus tricarpa Arboretum ACT 1,1,H01,16.68,3,22,2.14,9.34,15.66,14,7.96,,,11.31273,450-800,H01,B-0108,WGS_i7_4,AACCGAAC,B-0107,WGS_i5_650,GGAATCGA
Eucalyptus tricarpa Arboretum ACT 2,1,A02,14.98,3.34,21.66,2.15,9.3,15.7,14,9.05,,,9.942715,450-800,A02,B-0109,WGS_i7_5,AACCTATA,B-0100,WGS_i5_1,CGTTGGTT
Eucalyptus curtisii ANBG 1,1,B02,10.49,4.77,20.23,1.8,11.12,13.88,14,6.94,,,12.9636,450-800,B02,B-0109,WGS_i7_5,AACCTATA,B-0101,WGS_i5_68,CTAGAATT
Eucalyptus curtisii ANBG 2,1,C02,7.15,7,18,1.76,11.35,13.65,14,7.79,,,11.55368,450-800,C02,B-0109,WGS_i7_5,AACCTATA,B-0102,WGS_i5_123,TCGGTTCT
Eucalyptus elata ANBG 1,1,D02,27.28,1.83,23.17,4.72,4.24,20.76,14,8.31,,,10.8287,450-800,D02,B-0109,WGS_i7_5,AACCTATA,B-0103,WGS_i5_304,GCATTCGG
Eucalyptus elata ANBG 2,1,E02,23.94,2.09,22.91,3.83,5.23,19.77,14,8.02,,,11.224,450-800,E02,B-0109,WGS_i7_5,AACCTATA,B-0104,WGS_i5_334,AAGGCAGG
Eucalyptus microcorys ANBG 1,1,F02,19.07,2.62,22.38,2.59,7.71,17.29,14,8.31,,,10.83437,450-800,F02,B-0109,WGS_i7_5,AACCTATA,B-0105,WGS_i5_537,TACCATCC
Eucalyptus microcorys ANBG 2,1,G02,15.33,3.26,21.74,2.01,9.95,15.05,14,7.96,,,11.30002,450-800,G02,B-0109,WGS_i7_5,AACCTATA,B-0106,WGS_i5_549,AGTACGCC
Eucalyptus salubris ANBG 1,1,H02,15.06,3.32,21.68,1.91,10.49,14.51,14,7.58,,,11.88081,450-800,H02,B-0109,WGS_i7_5,AACCTATA,B-0107,WGS_i5_650,GGAATCGA
Eucalyptus salubris ANBG 2,1,A03,12.41,4.03,20.97,1.91,10.46,14.54,14,7.19,,,12.51119,450-800,A03,B-0110,WGS_i7_49,ACCAAGTT,B-0100,WGS_i5_1,CGTTGGTT
Corymbia calophylla ANBG 1,1,B03,13.55,3.69,21.31,2.09,9.56,15.44,14,9.16,,,9.829725,450-800,B03,B-0110,WGS_i7_49,ACCAAGTT,B-0101,WGS_i5_68,CTAGAATT
Corymbia calophylla ANBG 2,1,C03,13.32,3.75,21.25,2.63,7.59,17.41,14,9.67,,,9.309343,450-800,C03,B-0110,WGS_i7_49,ACCAAGTT,B-0102,WGS_i5_123,TCGGTTCT
Eucalyptus camadulensis ANBG 1,1,D03,20.93,2.39,22.61,3.71,5.38,19.62,14,8.93,,,10.08051,450-800,D03,B-0110,WGS_i7_49,ACCAAGTT,B-0103,WGS_i5_304,GCATTCGG
Eucalyptus camadulensis ANBG 2,1,E03,18.31,2.73,22.27,3.32,6.02,18.98,14,8.54,,,10.53574,450-800,E03,B-0110,WGS_i7_49,ACCAAGTT,B-0104,WGS_i5_334,AAGGCAGG
Eucalyptus cloezania ANBG 1,1,F03,19.86,2.52,22.48,3.16,6.33,18.67,14,8.26,,,10.89135,450-800,F03,B-0110,WGS_i7_49,ACCAAGTT,B-0105,WGS_i5_537,TACCATCC
Eucalyptus cloezania ANBG 2,1,G03,16.17,3.09,21.91,2.45,8.17,16.83,14,8.53,,,10.55311,450-800,G03,B-0110,WGS_i7_49,ACCAAGTT,B-0106,WGS_i5_549,AGTACGCC
Eucalyptus erythrocorys ANBG 1,1,H03,16.02,3.12,21.88,2.49,8.04,16.96,14,7.39,,,12.18301,450-800,H03,B-0110,WGS_i7_49,ACCAAGTT,B-0107,WGS_i5_650,GGAATCGA
Eucalyptus erythrocorys ANBG 2,1,A04,8.59,5.82,19.18,2.02,9.89,15.11,14,8.4,,,10.71076,450-800,A04,B-0111,WGS_i7_159,ATACCTAC,B-0100,WGS_i5_1,CGTTGGTT
Eucalyptus melliodora 1,1,B04,19.22,2.6,22.4,4.03,4.97,20.03,14,8.5,,,10.58389,450-800,B04,B-0111,WGS_i7_159,ATACCTAC,B-0101,WGS_i5_68,CTAGAATT
Eucalyptus melliodora 2,1,C04,19.12,2.62,22.38,3.16,6.32,18.68,14,9.22,,,9.761856,450-800,C04,B-0111,WGS_i7_159,ATACCTAC,B-0102,WGS_i5_123,TCGGTTCT
Eucalyptus marginata ANBG 1,1,D04,13.27,3.77,21.23,2.45,8.15,16.85,14,8.17,,,11.0116,450-800,D04,B-0111,WGS_i7_159,ATACCTAC,B-0103,WGS_i5_304,GCATTCGG
Eucalyptus marginata ANBG 2,1,E04,11.68,4.28,20.72,1.96,10.23,14.77,14,7.45,,,12.07271,450-800,E04,B-0111,WGS_i7_159,ATACCTAC,B-0104,WGS_i5_334,AAGGCAGG
Eucalyptus albens ANBG 1,1,F04,13.57,3.69,21.31,2.12,9.45,15.55,14,7.66,,,11.75545,450-800,F04,B-0111,WGS_i7_159,ATACCTAC,B-0105,WGS_i5_537,TACCATCC
Eucalyptus albens ANBG 2,1,G04,10.97,4.56,20.44,2.02,9.88,15.12,14,8.24,,,10.9265,450-800,G04,B-0111,WGS_i7_159,ATACCTAC,B-0106,WGS_i5_549,AGTACGCC
Eucalyptus viminalis Tasmanian Herbarium 1,1,H04,23.06,2.17,22.83,1.68,11.92,13.08,14,4.8,,,15,450-800,H04,B-0111,WGS_i7_159,ATACCTAC,B-0107,WGS_i5_650,GGAATCGA
Eucalyptus viminalis Tasmanian Herbarium 2,1,A05,18.97,2.64,22.36,3.33,6,19,14,8.31,,,10.83037,450-800,A05,B-0112,WGS_i7_371,CGGTAGGT,B-0100,WGS_i5_1,CGTTGGTT
Eucalyptus sideroxylon ANBG 1,1,B05,6.72,7.44,17.56,1.7,11.78,13.22,14,8.5,,,10.58643,450-800,B05,B-0112,WGS_i7_371,CGGTAGGT,B-0101,WGS_i5_68,CTAGAATT
Eucalyptus sideroxylon ANBG 2,1,C05,12.21,4.1,20.9,2.28,8.76,16.24,14,8.67,,,10.37521,450-800,C05,B-0112,WGS_i7_371,CGGTAGGT,B-0102,WGS_i5_123,TCGGTTCT
Eucalyptus globulus UTAS Campus 1,1,D05,22.54,2.22,22.78,5.45,3.67,21.33,14,7.78,,,11.57419,450-800,D05,B-0112,WGS_i7_371,CGGTAGGT,B-0103,WGS_i5_304,GCATTCGG
Eucalyptus globulus UTAS Campus 2,1,E05,20.34,2.46,22.54,7.29,2.74,22.26,14,8.26,,,10.89337,450-800,E05,B-0112,WGS_i7_371,CGGTAGGT,B-0104,WGS_i5_334,AAGGCAGG
A. acuminata ANBG 1,1,F05,22.22,2.25,22.75,6.01,3.33,21.67,14,7.72,,,11.65273,450-800,F05,B-0112,WGS_i7_371,CGGTAGGT,B-0105,WGS_i5_537,TACCATCC
A. acuminata ANBG 2,1,G05,24.95,2,23,6.04,3.31,21.69,14,7.79,,,11.55216,450-800,G05,B-0112,WGS_i7_371,CGGTAGGT,B-0106,WGS_i5_549,AGTACGCC
Angophora floribunda ANU Banks Building 1,1,H05,16.56,3.02,21.98,2.11,9.47,15.53,14,7.7,,,11.68095,450-800,H05,B-0112,WGS_i7_371,CGGTAGGT,B-0107,WGS_i5_650,GGAATCGA
Angophora floribunda ANU Banks Building 2,1,A06,21.93,2.28,22.72,3.12,6.42,18.58,14,8.1,,,11.10609,450-800,A06,B-0113,WGS_i7_390,CTAGTACC,B-0100,WGS_i5_1,CGTTGGTT
"E. regnans ""Centurion"" 1",1,B06,15.1,3.31,21.69,2.54,7.87,17.13,14,8.66,,,10.39175,450-800,B06,B-0113,WGS_i7_390,CTAGTACC,B-0101,WGS_i5_68,CTAGAATT
"E. regnans ""Centurion"" 2",1,C06,14.54,3.44,21.56,2.85,7.02,17.98,14,8.65,,,10.40773,450-800,C06,B-0113,WGS_i7_390,CTAGTACC,B-0102,WGS_i5_123,TCGGTTCT
E. relicta Whicher 1,1,D06,8.41,5.95,19.05,1.95,10.28,14.72,14,8,,,11.25198,450-800,D06,B-0113,WGS_i7_390,CTAGTACC,B-0103,WGS_i5_304,GCATTCGG
E. relicta Whicher 2,1,E06,8.22,6.08,18.92,1.91,10.47,14.53,14,8.08,,,11.14336,450-800,E06,B-0113,WGS_i7_390,CTAGTACC,B-0104,WGS_i5_334,AAGGCAGG
E. patens 1,1,F06,12.17,4.11,20.89,2.4,8.32,16.68,14,8.5,,,10.58548,450-800,F06,B-0113,WGS_i7_390,CTAGTACC,B-0105,WGS_i5_537,TACCATCC
E. patens 2,1,G06,9.69,5.16,19.84,2.12,9.45,15.55,14,8.77,,,10.2648,450-800,G06,B-0113,WGS_i7_390,CTAGTACC,B-0106,WGS_i5_549,AGTACGCC
E. pyriformis 1,1,H06,2.91,17.17,7.83,1.75,11.42,13.58,14,8.33,,,10.80212,450-800,H06,B-0113,WGS_i7_390,CTAGTACC,B-0107,WGS_i5_650,GGAATCGA
E. pyriformis 2,1,A07,4.88,10.26,14.74,1.35,14.77,10.23,14,7.75,,,11.6123,450-800,A07,B-0114,WGS_i7_532,GGATGCTA,B-0100,WGS_i5_1,CGTTGGTT
E. leucophloia 1,1,B07,18.34,2.73,22.27,7.58,2.64,22.36,14,7.66,,,11.74313,450-800,B07,B-0114,WGS_i7_532,GGATGCTA,B-0101,WGS_i5_68,CTAGAATT
E. leucophloia 2,1,C07,17.52,2.85,22.15,2.11,9.46,15.54,14,8.26,,,10.90177,450-800,C07,B-0114,WGS_i7_532,GGATGCTA,B-0102,WGS_i5_123,TCGGTTCT
E. gomphocephala 1,1,D07,14.09,3.55,21.45,2.09,9.57,15.43,14,7.28,,,12.35469,450-800,D07,B-0114,WGS_i7_532,GGATGCTA,B-0103,WGS_i5_304,GCATTCGG
E. gomphocephala 2,1,E07,13.18,3.79,21.21,2.14,9.36,15.64,14,7.69,,,11.71025,450-800,E07,B-0114,WGS_i7_532,GGATGCTA,B-0104,WGS_i5_334,AAGGCAGG
E. pumila 1,1,F07,11.94,4.19,20.81,1.62,12.34,12.66,14,8.08,,,11.14436,450-800,F07,B-0114,WGS_i7_532,GGATGCTA,B-0105,WGS_i5_537,TACCATCC
E. pumila 2,1,G07,10.81,4.62,20.38,1.66,12.07,12.93,14,7.2,,,12.49704,450-800,G07,B-0114,WGS_i7_532,GGATGCTA,B-0106,WGS_i5_549,AGTACGCC
E. cladocalyx 1,1,H07,14.31,3.49,21.51,1.69,11.85,13.15,14,7.74,,,11.62319,450-800,H07,B-0114,WGS_i7_532,GGATGCTA,B-0107,WGS_i5_650,GGAATCGA
E. cladocalyx 2,1,A08,14.37,3.48,21.52,2.09,9.55,15.45,14,5.44,,,15,450-800,A08,B-0115,WGS_i7_554,GGTTCTGA,B-0100,WGS_i5_1,CGTTGGTT
E. pterocarpa 1,1,B08,13.92,3.59,21.41,1.83,10.91,14.09,14,7.93,,,11.34396,450-800,B08,B-0115,WGS_i7_554,GGTTCTGA,B-0101,WGS_i5_68,CTAGAATT
E. pterocarpa 2,1,C08,12.91,3.87,21.13,1.98,10.12,14.88,14,7.36,,,12.23104,450-800,C08,B-0115,WGS_i7_554,GGTTCTGA,B-0102,WGS_i5_123,TCGGTTCT
E. laeliae 1,1,D08,14.53,3.44,21.56,2.19,9.15,15.85,14,7.72,,,11.65598,450-800,D08,B-0115,WGS_i7_554,GGTTCTGA,B-0103,WGS_i5_304,GCATTCGG
E. laeliae 2,1,E08,13.67,3.66,21.34,2.36,8.46,16.54,14,7.69,,,11.70867,450-800,E08,B-0115,WGS_i7_554,GGTTCTGA,B-0104,WGS_i5_334,AAGGCAGG
E. scyphocalyx 1,1,F08,14.79,3.38,21.62,2.77,7.21,17.79,14,5.77,,,15,450-800,F08,B-0115,WGS_i7_554,GGTTCTGA,B-0105,WGS_i5_537,TACCATCC
E. scyphocalyx 2,1,G08,12.92,3.87,21.13,2.19,9.14,15.86,14,5.41,,,15,450-800,G08,B-0115,WGS_i7_554,GGTTCTGA,B-0106,WGS_i5_549,AGTACGCC
E. diversifolia 1,1,H08,12.19,4.1,20.9,1.54,13.03,11.97,14,7.23,,,12.44953,450-800,H08,B-0115,WGS_i7_554,GGTTCTGA,B-0107,WGS_i5_650,GGAATCGA
E. diversifolia 2,1,A09,13.59,3.68,21.32,2.45,8.15,16.85,14,7.9,,,11.38751,450-800,A09,B-0116,WGS_i7_620,TATCCTCG,B-0100,WGS_i5_1,CGTTGGTT
E. desmondensis 1,1,B09,11.56,4.32,20.68,1.86,10.76,14.24,14,7.87,,,11.44006,450-800,B09,B-0116,WGS_i7_620,TATCCTCG,B-0101,WGS_i5_68,CTAGAATT
E. desmondensis 2,1,C09,9.08,5.51,19.49,1.72,11.66,13.34,14,8.28,,,10.87445,450-800,C09,B-0116,WGS_i7_620,TATCCTCG,B-0102,WGS_i5_123,TCGGTTCT
E. brandiana 1,1,D09,5.69,8.79,16.21,1.31,15.31,9.69,14,7.71,,,11.6803,450-800,D09,B-0116,WGS_i7_620,TATCCTCG,B-0103,WGS_i5_304,GCATTCGG
E. brandiana 2,1,E09,3.63,13.78,11.22,1.3,15.33,9.67,14,7.83,,,11.49271,450-800,E09,B-0116,WGS_i7_620,TATCCTCG,B-0104,WGS_i5_334,AAGGCAGG
E. grandis 1,1,F09,12.9,3.88,21.12,2.27,8.82,16.18,14,8.5,,,10.58331,450-800,F09,B-0116,WGS_i7_620,TATCCTCG,B-0105,WGS_i5_537,TACCATCC
E. grandis 2,1,G09,13.29,3.76,21.24,2.14,9.33,15.67,14,8.17,,,11.02086,450-800,G09,B-0116,WGS_i7_620,TATCCTCG,B-0106,WGS_i5_549,AGTACGCC
E. virginea 1,1,H09,11.77,4.25,20.75,1.87,10.69,14.31,14,8.27,,,10.88604,450-800,H09,B-0116,WGS_i7_620,TATCCTCG,B-0107,WGS_i5_650,GGAATCGA
E. virginea 2,1,A10,14.54,3.44,21.56,2.37,8.46,16.54,14,7.72,,,11.65285,450-800,A10,B-0117,WGS_i7_645,TCGAGAAG,B-0100,WGS_i5_1,CGTTGGTT
E. decipiens 1,1,B10,13.63,3.67,21.33,2.01,9.96,15.04,14,7.46,,,12.07235,450-800,B10,B-0117,WGS_i7_645,TCGAGAAG,B-0101,WGS_i5_68,CTAGAATT
E. decipiens 2,1,C10,14.82,3.37,21.63,2.16,9.25,15.75,14,8.03,,,11.20299,450-800,C10,B-0117,WGS_i7_645,TCGAGAAG,B-0102,WGS_i5_123,TCGGTTCT
E. coolabah 1,1,D10,20.13,2.48,22.52,5.34,3.74,21.26,14,7.22,,,12.46338,450-800,D10,B-0117,WGS_i7_645,TCGAGAAG,B-0103,WGS_i5_304,GCATTCGG
E. coolabah 2,1,E10,19.08,2.62,22.38,4.87,4.11,20.89,14,0.78,,,15,450-800,E10,B-0117,WGS_i7_645,TCGAGAAG,B-0104,WGS_i5_334,AAGGCAGG
A. melanoxylon 1,1,F10,24.21,2.07,22.93,4.81,4.16,20.84,14,7.6,,,11.84655,450-800,F10,B-0117,WGS_i7_645,TCGAGAAG,B-0105,WGS_i5_537,TACCATCC
A. melanoxylon 2,1,G10,21.96,2.28,22.72,4.05,4.94,20.06,14,8.08,,,11.13506,450-800,G10,B-0117,WGS_i7_645,TCGAGAAG,B-0106,WGS_i5_549,AGTACGCC
Blank2,1,H10,0.45,25,0.1,0.45,25,0.1,14,6.9,,,5,450-800,H10,B-0117,WGS_i7_645,TCGAGAAG,B-0107,WGS_i5_650,GGAATCGA
E. ovata 2,1,A11,18.7,2.67,22.33,5.29,3.78,21.22,14,7.46,,,12.06438,450-800,A11,B-0118,WGS_i7_658,TCTGGCGG,B-0100,WGS_i5_1,CGTTGGTT
A. dealbata 1,1,B11,13.48,3.71,21.29,2.27,8.79,16.21,14,7.14,,,12.60323,450-800,B11,B-0118,WGS_i7_658,TCTGGCGG,B-0101,WGS_i5_68,CTAGAATT
A. dealbata 2,1,C11,15.28,3.27,21.73,2.59,7.71,17.29,14,7.58,,,11.86761,450-800,C11,B-0118,WGS_i7_658,TCTGGCGG,B-0102,WGS_i5_123,TCGGTTCT
E. ovata 1,1,D11,17.74,2.82,22.18,4.15,4.82,20.18,14,7.92,,,11.36774,450-800,D11,B-0118,WGS_i7_658,TCTGGCGG,B-0103,WGS_i5_304,GCATTCGG
O. australiensis - 300131 (VR) 1,1,E11,18.42,2.71,22.29,3.73,5.37,19.63,14,7.95,,,0,450-800,E11,B-0118,WGS_i7_658,TCTGGCGG,B-0104,WGS_i5_334,AAGGCAGG
O. australiensis - 300131 (VR) 2,1,F11,15.88,3.15,21.85,2.42,8.27,16.73,14,8.03,,,0,450-800,F11,B-0118,WGS_i7_658,TCTGGCGG,B-0105,WGS_i5_537,TACCATCC
O. meridionalis (BH) 1,1,G11,15.62,3.2,21.8,2.28,8.79,16.21,14,7.64,,,0,450-800,G11,B-0118,WGS_i7_658,TCTGGCGG,B-0106,WGS_i5_549,AGTACGCC
O. meridionalis (BH) 2,1,H11,15.01,3.33,21.67,2.03,9.86,15.14,14,7.81,,,0,450-800,H11,B-0118,WGS_i7_658,TCTGGCGG,B-0107,WGS_i5_650,GGAATCGA
O. sativa - Javanica 1,1,A12,23.41,2.14,22.86,6.01,3.33,21.67,14,6.77,,,0,450-800,A12,B-0119,WGS_i7_659,TCTTAGCT,B-0100,WGS_i5_1,CGTTGGTT
O. sativa - Javanica 2,1,B12,21.77,2.3,22.7,4.7,4.25,20.75,14,7.68,,,0,450-800,B12,B-0119,WGS_i7_659,TCTTAGCT,B-0101,WGS_i5_68,CTAGAATT
O. australiensis - Keep River 1,1,C12,19.5,2.56,22.44,3.5,5.72,19.28,14,8.07,,,0,450-800,C12,B-0119,WGS_i7_659,TCTTAGCT,B-0102,WGS_i5_123,TCGGTTCT
O. australiensis - Keep River 2,1,D12,17.58,2.84,22.16,3.07,6.52,18.48,14,8.59,,,0,450-800,D12,B-0119,WGS_i7_659,TCTTAGCT,B-0103,WGS_i5_304,GCATTCGG
O. australiensis - 300134 (CH) 1,1,E12,17.75,2.82,22.18,2.93,6.83,18.17,14,7.67,,,0,450-800,E12,B-0119,WGS_i7_659,TCTTAGCT,B-0104,WGS_i5_334,AAGGCAGG
O. australiensis - 300134 (CH) 2,1,F12,16.63,3.01,21.99,2.43,8.23,16.77,14,7.38,,,0,450-800,F12,B-0119,WGS_i7_659,TCTTAGCT,B-0105,WGS_i5_537,TACCATCC
O. australiensis - 300137 (D) 1,1,G12,13.57,3.69,21.31,1.95,10.26,14.74,14,7.91,,,0,450-800,G12,B-0119,WGS_i7_659,TCTTAGCT,B-0106,WGS_i5_549,AGTACGCC
O. australiensis - 300137 (D) 2,1,H12,21.63,2.31,22.69,3.04,6.59,18.41,14,1.85,,,0,450-800,H12,B-0119,WGS_i7_659,TCTTAGCT,B-0107,WGS_i5_650,GGAATCGA