Sample,Location,Row,Column,Plate,[Qubit_stock],DNA,Water,[Qubit 2ng],DNA,Water,PCR cycles,Location,i7 name,i7 other name,i7 indicie,i5 name,i5 other name,i5 indicie,[Qubit library],[GXII 400-600bp],Pooled ul
0,A01,A,1,1a,0.1,25,0,0,25,0,14,A01,B-0055,WGS_i7_3,AACCATAA,B-0100,WGS_i5_1,CGTTGGTT,,,0
0,B01,B,1,1a,0.1,25,0,-0.01,25,0,14,B01,B-0055,WGS_i7_3,AACCATAA,B-0101,WGS_i5_68,CTAGAATT,,,0
0,C01,C,1,1a,0.1,25,0,0,25,0,14,C01,B-0055,WGS_i7_3,AACCATAA,B-0102,WGS_i5_123,TCGGTTCT,,,0
0,D01,D,1,1a,0.1,25,0,0,25,0,14,D01,B-0055,WGS_i7_3,AACCATAA,B-0103,WGS_i5_304,GCATTCGG,,,0
0,E01,E,1,1a,0.1,25,0,0,25,0,14,E01,B-0055,WGS_i7_3,AACCATAA,B-0104,WGS_i5_334,AAGGCAGG,,,0
0,F01,F,1,1a,0.1,25,0,0,25,0,14,F01,B-0055,WGS_i7_3,AACCATAA,B-0105,WGS_i5_537,TACCATCC,,,0
0,G01,G,1,1a,0.1,25,0,0,25,0,14,G01,B-0055,WGS_i7_3,AACCATAA,B-0106,WGS_i5_549,AGTACGCC,,,0
0,H01,H,1,1a,0.1,25,0,-0.01,25,0,14,H01,B-0055,WGS_i7_3,AACCATAA,B-0107,WGS_i5_650,GGAATCGA,,,0
0,A02,A,2,1a,0.11,25,0,0,25,0,14,A02,B-0056,WGS_i7_51,ACCAGCAA,B-0100,WGS_i5_1,CGTTGGTT,,,0
0,B02,B,2,1a,0.1,25,0,0,25,0,14,B02,B-0056,WGS_i7_51,ACCAGCAA,B-0101,WGS_i5_68,CTAGAATT,,,0
0,C02,C,2,1a,0.1,25,0,0.01,25,0,14,C02,B-0056,WGS_i7_51,ACCAGCAA,B-0102,WGS_i5_123,TCGGTTCT,,,0
0,D02,D,2,1a,0.1,25,0,0,25,0,14,D02,B-0056,WGS_i7_51,ACCAGCAA,B-0103,WGS_i5_304,GCATTCGG,,,0
0,E02,E,2,1a,0.1,25,0,0,25,0,14,E02,B-0056,WGS_i7_51,ACCAGCAA,B-0104,WGS_i5_334,AAGGCAGG,,,0
0,F02,F,2,1a,0.1,25,0,0,25,0,14,F02,B-0056,WGS_i7_51,ACCAGCAA,B-0105,WGS_i5_537,TACCATCC,,,0
0,G02,G,2,1a,0.1,25,0,0,25,0,14,G02,B-0056,WGS_i7_51,ACCAGCAA,B-0106,WGS_i5_549,AGTACGCC,,,0
0,H02,H,2,1a,0.1,25,0,0,25,0,14,H02,B-0056,WGS_i7_51,ACCAGCAA,B-0107,WGS_i5_650,GGAATCGA,,,0
J296,A03,A,3,1a,25.8,1.94,23.06,1.4,14.27,10.73,14,A03,B-0057,WGS_i7_71,ACGCCGTT,B-0100,WGS_i5_1,CGTTGGTT,,,10.04902
Blank,B03,B,3,1a,0.11,25,0.1,0,25,0.1,14,B03,B-0057,WGS_i7_71,ACGCCGTT,B-0101,WGS_i5_68,CTAGAATT,,,5
J406,C03,C,3,1a,1.1,25,0.1,0.93,21.44,3.56,14,C03,B-0057,WGS_i7_71,ACGCCGTT,B-0102,WGS_i5_123,TCGGTTCT,,,10.37911
J395,D03,D,3,1a,18.67,2.68,22.32,1.86,10.74,14.26,14,D03,B-0057,WGS_i7_71,ACGCCGTT,B-0103,WGS_i5_304,GCATTCGG,,,10.47953
J364,E03,E,3,1a,29.42,1.7,23.3,6.27,3.19,21.81,14,E03,B-0057,WGS_i7_71,ACGCCGTT,B-0104,WGS_i5_334,AAGGCAGG,,,10.91913
J383,F03,F,3,1a,15.36,3.25,21.75,2.53,7.92,17.08,14,F03,B-0057,WGS_i7_71,ACGCCGTT,B-0105,WGS_i5_537,TACCATCC,,,11.4398
J330,G03,G,3,1a,21.02,2.38,22.62,1.25,15.96,9.04,14,G03,B-0057,WGS_i7_71,ACGCCGTT,B-0106,WGS_i5_549,AGTACGCC,,,11.00871
J311,H03,H,3,1a,17.75,2.82,22.18,1.37,14.56,10.44,14,H03,B-0057,WGS_i7_71,ACGCCGTT,B-0107,WGS_i5_650,GGAATCGA,,,10.55143
J334,A04,A,4,1a,25.82,1.94,23.06,1.47,13.61,11.39,14,A04,B-0058,WGS_i7_220,CAATATCC,B-0100,WGS_i5_1,CGTTGGTT,,,10.25617
J370,B04,B,4,1a,26.48,1.89,23.11,2.42,8.26,16.74,14,B04,B-0058,WGS_i7_220,CAATATCC,B-0101,WGS_i5_68,CTAGAATT,,,10.69652
J327,C04,C,4,1a,27.21,1.84,23.16,1.37,14.64,10.36,14,C04,B-0058,WGS_i7_220,CAATATCC,B-0102,WGS_i5_123,TCGGTTCT,,,11.53658
J310,D04,D,4,1a,31.49,1.59,23.41,3.23,6.19,18.81,14,D04,B-0058,WGS_i7_220,CAATATCC,B-0103,WGS_i5_304,GCATTCGG,,,11.95124
J298,E04,E,4,1a,21.62,2.31,22.69,3.2,6.25,18.75,14,E04,B-0058,WGS_i7_220,CAATATCC,B-0104,WGS_i5_334,AAGGCAGG,,,11.98569
J371,F04,F,4,1a,24.27,2.06,22.94,3.12,6.42,18.58,14,F04,B-0058,WGS_i7_220,CAATATCC,B-0105,WGS_i5_537,TACCATCC,,,12.74921
J349,G04,G,4,1a,16.12,3.1,21.9,1.54,13.03,11.97,14,G04,B-0058,WGS_i7_220,CAATATCC,B-0106,WGS_i5_549,AGTACGCC,,,11.00655
J321g,H04,H,4,1a,19.15,2.61,22.39,2.44,8.21,16.79,14,H04,B-0058,WGS_i7_220,CAATATCC,B-0107,WGS_i5_650,GGAATCGA,,,12.43527
J393,A05,A,5,1a,17.76,2.81,22.19,1.55,12.94,12.06,14,A05,B-0059,WGS_i7_290,CCGCCGCA,B-0100,WGS_i5_1,CGTTGGTT,,,12.27842
J344,B05,B,5,1a,21.67,2.31,22.69,1.62,12.34,12.66,14,B05,B-0059,WGS_i7_290,CCGCCGCA,B-0101,WGS_i5_68,CTAGAATT,,,12.7184
j315,C05,C,5,1a,17.79,2.81,22.19,1.52,13.18,11.82,14,C05,B-0059,WGS_i7_290,CCGCCGCA,B-0102,WGS_i5_123,TCGGTTCT,,,13.95338
J423,D05,D,5,1a,1.13,25,0.1,0.78,25.71,-0.71,14,D05,B-0059,WGS_i7_290,CCGCCGCA,B-0103,WGS_i5_304,GCATTCGG,,,14.71281
J398,E05,E,5,1a,20.97,2.38,22.62,1.33,15.04,9.96,14,E05,B-0059,WGS_i7_290,CCGCCGCA,B-0104,WGS_i5_334,AAGGCAGG,,,14.17237
J400,F05,F,5,1a,1.38,25,0.1,1.02,19.68,5.32,14,F05,B-0059,WGS_i7_290,CCGCCGCA,B-0105,WGS_i5_537,TACCATCC,,,12.91889
J335,G05,G,5,1a,15.53,3.22,21.78,0.9,22.15,2.85,14,G05,B-0059,WGS_i7_290,CCGCCGCA,B-0106,WGS_i5_549,AGTACGCC,,,12.80544
J373,H05,H,5,1a,17.08,2.93,22.07,2.01,9.96,15.04,14,H05,B-0059,WGS_i7_290,CCGCCGCA,B-0107,WGS_i5_650,GGAATCGA,,,12.13116
J319,A06,A,6,1a,19.93,2.51,22.49,1.81,11.06,13.94,14,A06,B-0060,WGS_i7_341,CGATTCGG,B-0100,WGS_i5_1,CGTTGGTT,,,11.6306
J320,B06,B,6,1a,23.87,2.09,22.91,2.15,9.29,15.71,14,B06,B-0060,WGS_i7_341,CGATTCGG,B-0101,WGS_i5_68,CTAGAATT,,,12.22495
J342,C06,C,6,1a,14.13,3.54,21.46,1.44,13.85,11.15,14,C06,B-0060,WGS_i7_341,CGATTCGG,B-0102,WGS_i5_123,TCGGTTCT,,,12.35182
J328,D06,D,6,1a,17.2,2.91,22.09,1.96,10.21,14.79,14,D06,B-0060,WGS_i7_341,CGATTCGG,B-0103,WGS_i5_304,GCATTCGG,,,12.08503
J392,E06,E,6,1a,1.31,25,0.1,0.94,21.28,3.72,14,E06,B-0060,WGS_i7_341,CGATTCGG,B-0104,WGS_i5_334,AAGGCAGG,,,13.76239
J374,F06,F,6,1a,16.54,3.02,21.98,2.9,6.89,18.11,14,F06,B-0060,WGS_i7_341,CGATTCGG,B-0105,WGS_i5_537,TACCATCC,,,12.82201
J294,G06,G,6,1a,20.99,2.38,22.62,1.82,10.98,14.02,14,G06,B-0060,WGS_i7_341,CGATTCGG,B-0106,WGS_i5_549,AGTACGCC,,,13.23306
J350,H06,H,6,1a,20.5,2.44,22.56,2.14,9.34,15.66,14,H06,B-0060,WGS_i7_341,CGATTCGG,B-0107,WGS_i5_650,GGAATCGA,,,12.53476
J379,A07,A,7,1a,15.96,3.13,21.87,1.66,12.03,12.97,14,A07,B-0061,WGS_i7_435,GAAGAACG,B-0100,WGS_i5_1,CGTTGGTT,,,12.45581
J367i,B07,B,7,1a,18.11,2.76,22.24,1.43,14.01,10.99,14,B07,B-0061,WGS_i7_435,GAAGAACG,B-0101,WGS_i5_68,CTAGAATT,,,11.79667
VMA18,C07,C,7,1a,1.12,25,0.1,0.98,20.36,4.64,14,C07,B-0061,WGS_i7_435,GAAGAACG,B-0102,WGS_i5_123,TCGGTTCT,,,12.63076
J417,D07,D,7,1a,0.83,25,0.1,0.75,25,0.1,14,D07,B-0061,WGS_i7_435,GAAGAACG,B-0103,WGS_i5_304,GCATTCGG,,,11.40179
J351,E07,E,7,1a,9.86,5.07,19.93,1.61,12.39,12.61,14,E07,B-0061,WGS_i7_435,GAAGAACG,B-0104,WGS_i5_334,AAGGCAGG,,,11.80605
J348,F07,F,7,1a,4.92,10.17,14.83,1.61,12.42,12.58,14,F07,B-0061,WGS_i7_435,GAAGAACG,B-0105,WGS_i5_537,TACCATCC,,,11.78203
J360,G07,G,7,1a,21.07,2.37,22.63,2.62,7.64,17.36,14,G07,B-0061,WGS_i7_435,GAAGAACG,B-0106,WGS_i5_549,AGTACGCC,,,12.81276
J353,H07,H,7,1a,25.33,1.97,23.03,3.12,6.4,18.6,14,H07,B-0061,WGS_i7_435,GAAGAACG,B-0107,WGS_i5_650,GGAATCGA,,,12.19352
J416,A08,A,8,1a,0.86,25,0.1,0.72,25,0.1,14,A08,B-0062,WGS_i7_574,GTCTCGTT,B-0100,WGS_i5_1,CGTTGGTT,,,13.99891
J363,B08,B,8,1a,13.62,3.67,21.33,1.26,15.93,9.07,14,B08,B-0062,WGS_i7_574,GTCTCGTT,B-0101,WGS_i5_68,CTAGAATT,,,13.37658
J432,C08,C,8,1a,0.84,25,0.1,0.74,25,0.1,14,C08,B-0062,WGS_i7_574,GTCTCGTT,B-0102,WGS_i5_123,TCGGTTCT,,,13.63471
J322,D08,D,8,1a,23.56,2.12,22.88,2.1,9.53,15.47,14,D08,B-0062,WGS_i7_574,GTCTCGTT,B-0103,WGS_i5_304,GCATTCGG,,,14.51589
J372,E08,E,8,1a,17.31,2.89,22.11,1.95,10.24,14.76,14,E08,B-0062,WGS_i7_574,GTCTCGTT,B-0104,WGS_i5_334,AAGGCAGG,,,13.09691
J427,F08,F,8,1a,0.79,25,0.1,0.8,25,0.1,14,F08,B-0062,WGS_i7_574,GTCTCGTT,B-0105,WGS_i5_537,TACCATCC,,,13.24893
J404,G08,G,8,1a,0.95,25,0.1,0.93,21.54,3.46,14,G08,B-0062,WGS_i7_574,GTCTCGTT,B-0106,WGS_i5_549,AGTACGCC,,,13.58711
J358,H08,H,8,1a,34.85,1.43,23.57,4.7,4.25,20.75,14,H08,B-0062,WGS_i7_574,GTCTCGTT,B-0107,WGS_i5_650,GGAATCGA,,,15
J329,A09,A,9,1a,15.53,3.22,21.78,1.28,15.65,9.35,14,A09,B-0063,WGS_i7_579,GTTAGCGG,B-0100,WGS_i5_1,CGTTGGTT,,,12.77141
J316,B09,B,9,1a,27.94,1.79,23.21,1.57,12.76,12.24,14,B09,B-0063,WGS_i7_579,GTTAGCGG,B-0101,WGS_i5_68,CTAGAATT,,,12.55395
J419,C09,C,9,1a,18.93,2.64,22.36,2.07,9.67,15.33,14,C09,B-0063,WGS_i7_579,GTTAGCGG,B-0102,WGS_i5_123,TCGGTTCT,,,11.86091
J333,D09,D,9,1a,14.55,3.44,21.56,1.06,18.8,6.2,14,D09,B-0063,WGS_i7_579,GTTAGCGG,B-0103,WGS_i5_304,GCATTCGG,,,12.71532
Blank,E09,E,9,1a,0.01,25,0.1,0.01,25,0.1,14,E09,B-0063,WGS_i7_579,GTTAGCGG,B-0104,WGS_i5_334,AAGGCAGG,,,15
J411,F09,F,9,1a,2.44,20.53,4.47,0.92,21.75,3.25,14,F09,B-0063,WGS_i7_579,GTTAGCGG,B-0105,WGS_i5_537,TACCATCC,,,12.76797
J365,G09,G,9,1a,0.63,25,0.1,0.54,25,0.1,14,G09,B-0063,WGS_i7_579,GTTAGCGG,B-0106,WGS_i5_549,AGTACGCC,,,12.70919
J324,H09,H,9,1a,18.09,2.76,22.24,1.6,12.49,12.51,14,H09,B-0063,WGS_i7_579,GTTAGCGG,B-0107,WGS_i5_650,GGAATCGA,,,12.30092
J307,A10,A,10,1a,20.9,2.39,22.61,1.78,11.24,13.76,14,A10,B-0064,WGS_i7_586,GTTGGAAT,B-0100,WGS_i5_1,CGTTGGTT,,,13.73012
J387,B10,B,10,1a,8.59,5.82,19.18,1.25,16.03,8.97,14,B10,B-0064,WGS_i7_586,GTTGGAAT,B-0101,WGS_i5_68,CTAGAATT,,,12.82522
J338,C10,C,10,1a,12.49,4,21,0.86,23.23,1.77,14,C10,B-0064,WGS_i7_586,GTTGGAAT,B-0102,WGS_i5_123,TCGGTTCT,,,12.61599
J401,D10,D,10,1a,1.04,25,0.1,1.05,18.96,6.04,14,D10,B-0064,WGS_i7_586,GTTGGAAT,B-0103,WGS_i5_304,GCATTCGG,,,12.19227
J355b,E10,E,10,1a,1,25,0.1,0.91,21.93,3.07,14,E10,B-0064,WGS_i7_586,GTTGGAAT,B-0104,WGS_i5_334,AAGGCAGG,,,12.26217
J343,F10,F,10,1a,19.14,2.61,22.39,1.29,15.56,9.44,14,F10,B-0064,WGS_i7_586,GTTGGAAT,B-0105,WGS_i5_537,TACCATCC,,,12.05483
J405,G10,G,10,1a,26.07,1.92,23.08,3.18,6.28,18.72,14,G10,B-0064,WGS_i7_586,GTTGGAAT,B-0106,WGS_i5_549,AGTACGCC,,,13.26967
J414,H10,H,10,1a,1.24,25,0.1,1.05,19.07,5.93,14,H10,B-0064,WGS_i7_586,GTTGGAAT,B-0107,WGS_i5_650,GGAATCGA,,,13.42423
J339,A11,A,11,1a,9.8,5.1,19.9,1.19,16.76,8.24,14,A11,B-0065,WGS_i7_673,TGCGTATC,B-0100,WGS_i5_1,CGTTGGTT,,,11.95347
RA1006,B11,B,11,1a,22.6,2.21,22.79,2.72,7.35,17.65,14,B11,B-0065,WGS_i7_673,TGCGTATC,B-0101,WGS_i5_68,CTAGAATT,,,12.49909
J359,C11,C,11,1a,18.39,2.72,22.28,1.85,10.81,14.19,14,C11,B-0065,WGS_i7_673,TGCGTATC,B-0102,WGS_i5_123,TCGGTTCT,,,13.20031
J367,D11,D,11,1a,19.76,2.53,22.47,2.58,7.76,17.24,14,D11,B-0065,WGS_i7_673,TGCGTATC,B-0103,WGS_i5_304,GCATTCGG,,,12.09783
J345,E11,E,11,1a,13.32,3.75,21.25,1.89,10.56,14.44,14,E11,B-0065,WGS_i7_673,TGCGTATC,B-0104,WGS_i5_334,AAGGCAGG,,,12.51953
J317,F11,F,11,1a,28.78,1.74,23.26,2.27,8.83,16.17,14,F11,B-0065,WGS_i7_673,TGCGTATC,B-0105,WGS_i5_537,TACCATCC,,,13.24819
J366,G11,G,11,1a,7.35,6.81,18.19,1.42,14.08,10.92,14,G11,B-0065,WGS_i7_673,TGCGTATC,B-0106,WGS_i5_549,AGTACGCC,,,12.60394
J357,H11,H,11,1a,12.64,3.95,21.05,1.97,10.16,14.84,14,H11,B-0065,WGS_i7_673,TGCGTATC,B-0107,WGS_i5_650,GGAATCGA,,,13.11427
J385,A12,A,12,1a,14.54,3.44,21.56,1.94,10.29,14.71,14,A12,B-0066,WGS_i7_744,TTGCTTGC,B-0100,WGS_i5_1,CGTTGGTT,,,13.97172
J431,B12,B,12,1a,7.44,6.72,18.28,1.29,15.53,9.47,14,B12,B-0066,WGS_i7_744,TTGCTTGC,B-0101,WGS_i5_68,CTAGAATT,,,13.11934
J376,C12,C,12,1a,21.76,2.3,22.7,2.49,8.03,16.97,14,C12,B-0066,WGS_i7_744,TTGCTTGC,B-0102,WGS_i5_123,TCGGTTCT,,,14.26299
J362,D12,D,12,1a,26.22,1.91,23.09,2.64,7.57,17.43,14,D12,B-0066,WGS_i7_744,TTGCTTGC,B-0103,WGS_i5_304,GCATTCGG,,,12.56192
J421,E12,E,12,1a,0.92,25,0.1,0.94,21.33,3.67,14,E12,B-0066,WGS_i7_744,TTGCTTGC,B-0104,WGS_i5_334,AAGGCAGG,,,14.76322
J355,F12,F,12,1a,13.98,3.58,21.42,1.35,14.77,10.23,14,F12,B-0066,WGS_i7_744,TTGCTTGC,B-0105,WGS_i5_537,TACCATCC,,,12.14362
J347,G12,G,12,1a,1.88,25,0.1,0.93,21.56,3.44,14,G12,B-0066,WGS_i7_744,TTGCTTGC,B-0106,WGS_i5_549,AGTACGCC,,,12.9307
J418,H12,H,12,1a,0.65,25,0.1,0.64,25,0.1,14,H12,B-0066,WGS_i7_744,TTGCTTGC,B-0107,WGS_i5_650,GGAATCGA,,,13.33076
,,,,,,,,,,,,,,,,,,,,,
0,A01,A,1,1b,0.15,25,0,0.17,25,0,14,A01,B-0086,WGS_I7_2,AACCAGGT,B-0031,WGS_i5_3,GCATGGTT,,,0
0,B01,B,1,1b,0.14,25,0,0.17,25,0,14,B01,B-0086,WGS_I7_2,AACCAGGT,B-0032,WGS_i5_139,CAGGCTCT,,,0
0,C01,C,1,1b,0.15,25,0,0.17,25,0,14,C01,B-0086,WGS_I7_2,AACCAGGT,B-0033,WGS_i5_197,ATGGCTAT,,,0
0,D01,D,1,1b,0.14,25,0,0.17,25,0,14,D01,B-0086,WGS_I7_2,AACCAGGT,B-0034,WGS_i5_321,GGTTACGG,,,0
0,E01,E,1,1b,0.14,25,0,0.17,25,0,14,E01,B-0086,WGS_I7_2,AACCAGGT,B-0035,WGS_i5_480,TTAAGATC,,,0
0,F01,F,1,1b,0.14,25,0,0.17,25,0,14,F01,B-0086,WGS_I7_2,AACCAGGT,B-0036,WGS_i5_566,CCTCAACC,,,0
0,G01,G,1,1b,0.14,25,0,0.17,25,0,14,G01,B-0086,WGS_I7_2,AACCAGGT,B-0037,WGS_i5_577,AGCCTGAC,,,0
0,H01,H,1,1b,0.14,25,0,0.17,25,0,14,H01,B-0086,WGS_I7_2,AACCAGGT,B-0038,WGS_i5_651,TACGGCGA,,,0
0,A02,A,2,1b,0.14,25,0,0.18,25,0,14,A02,B-0087,WGS_I7_19,AAGAACCG,B-0031,WGS_i5_3,GCATGGTT,,,0
0,B02,B,2,1b,0.15,25,0,0.17,25,0,14,B02,B-0087,WGS_I7_19,AAGAACCG,B-0032,WGS_i5_139,CAGGCTCT,,,0
0,C02,C,2,1b,0.14,25,0,0.17,25,0,14,C02,B-0087,WGS_I7_19,AAGAACCG,B-0033,WGS_i5_197,ATGGCTAT,,,0
0,D02,D,2,1b,0.17,25,0,0.17,25,0,14,D02,B-0087,WGS_I7_19,AAGAACCG,B-0034,WGS_i5_321,GGTTACGG,,,0
0,E02,E,2,1b,0.14,25,0,0.17,25,0,14,E02,B-0087,WGS_I7_19,AAGAACCG,B-0035,WGS_i5_480,TTAAGATC,,,0
0,F02,F,2,1b,0.14,25,0,0.17,25,0,14,F02,B-0087,WGS_I7_19,AAGAACCG,B-0036,WGS_i5_566,CCTCAACC,,,0
0,G02,G,2,1b,0.14,25,0,0.17,25,0,14,G02,B-0087,WGS_I7_19,AAGAACCG,B-0037,WGS_i5_577,AGCCTGAC,,,0
0,H02,H,2,1b,0.14,25,0,0.17,25,0,14,H02,B-0087,WGS_I7_19,AAGAACCG,B-0038,WGS_i5_651,TACGGCGA,,,0
J407,A03,A,3,1b,1.02,25,0.1,1.02,19.59,5.41,14,A03,B-0088,WGS_I7_20,AAGACCGC,B-0031,WGS_i5_3,GCATGGTT,,,8.21403
TLC720,B03,B,3,1b,2.25,22.24,2.76,1.87,10.69,14.31,14,B03,B-0088,WGS_I7_20,AAGACCGC,B-0032,WGS_i5_139,CAGGCTCT,,,8.933404
J366,C03,C,3,1b,0.21,25,0.1,0.22,25,0.1,14,C03,B-0088,WGS_I7_20,AAGACCGC,B-0033,WGS_i5_197,ATGGCTAT,,,15
J361,D03,D,3,1b,14.55,3.44,21.56,2.52,7.92,17.08,14,D03,B-0088,WGS_I7_20,AAGACCGC,B-0034,WGS_i5_321,GGTTACGG,,,9.808049
TLC726,E03,E,3,1b,1.81,25,0.1,1.53,13.05,11.95,14,E03,B-0088,WGS_I7_20,AAGACCGC,B-0035,WGS_i5_480,TTAAGATC,,,8.297355
J333a,F03,F,3,1b,1.51,25,0.1,0.88,22.62,2.38,14,F03,B-0088,WGS_I7_20,AAGACCGC,B-0036,WGS_i5_566,CCTCAACC,,,9.205894
J402,G03,G,3,1b,0.87,25,0.1,0.74,25,0.1,14,G03,B-0088,WGS_I7_20,AAGACCGC,B-0037,WGS_i5_577,AGCCTGAC,,,9.246581
0,H03,H,3,1b,0.15,25,0.1,0.17,25,0.1,14,H03,B-0088,WGS_I7_20,AAGACCGC,B-0038,WGS_i5_651,TACGGCGA,,,0
J413,A04,A,4,1b,1.57,24,1,0.9,22.21,2.79,14,A04,B-0089,WGS_I7_309,CCTAGATA,B-0031,WGS_i5_3,GCATGGTT,,,9.023571
J375,B04,B,4,1b,12.07,4.14,20.86,2.08,9.6,15.4,14,B04,B-0089,WGS_I7_309,CCTAGATA,B-0032,WGS_i5_139,CAGGCTCT,,,8.996383
J435d,C04,C,4,1b,2.94,17,8,1.67,11.96,13.04,14,C04,B-0089,WGS_I7_309,CCTAGATA,B-0033,WGS_i5_197,ATGGCTAT,,,8.587664
J331,D04,D,4,1b,15.8,3.16,21.84,2.72,7.36,17.64,14,D04,B-0089,WGS_I7_309,CCTAGATA,B-0034,WGS_i5_321,GGTTACGG,,,10.62391
FDK10,E04,E,4,1b,2.92,17.14,7.86,1.28,15.62,9.38,14,E04,B-0089,WGS_I7_309,CCTAGATA,B-0035,WGS_i5_480,TTAAGATC,,,11.71495
J368,F04,F,4,1b,13.67,3.66,21.34,2.31,8.67,16.33,14,F04,B-0089,WGS_I7_309,CCTAGATA,B-0036,WGS_i5_566,CCTCAACC,,,9.950212
Gund21,G04,G,4,1b,30.43,1.64,23.36,2.27,8.81,16.19,14,G04,B-0089,WGS_I7_309,CCTAGATA,B-0037,WGS_i5_577,AGCCTGAC,,,15
0,H04,H,4,1b,0.15,25,0.1,0.17,25,0.1,14,H04,B-0089,WGS_I7_309,CCTAGATA,B-0038,WGS_i5_651,TACGGCGA,,,0
J427a,A05,A,5,1b,1.67,25,0.1,1.15,17.34,7.66,14,A05,B-0090,WGS_I7_381,CGTTCCAT,B-0031,WGS_i5_3,GCATGGTT,,,8.809297
J377,B05,B,5,1b,3.39,14.76,10.24,1.81,11.08,13.92,14,B05,B-0090,WGS_I7_381,CGTTCCAT,B-0032,WGS_i5_139,CAGGCTCT,,,8.892848
Blank,C05,C,5,1b,0.15,25,0.1,0.17,25,0.1,14,C05,B-0090,WGS_I7_381,CGTTCCAT,B-0033,WGS_i5_197,ATGGCTAT,,,15
J326,D05,D,5,1b,13.21,3.79,21.21,2.25,8.89,16.11,14,D05,B-0090,WGS_I7_381,CGTTCCAT,B-0034,WGS_i5_321,GGTTACGG,,,10.80684
J365,E05,E,5,1b,11.9,4.2,20.8,2.2,9.11,15.89,14,E05,B-0090,WGS_I7_381,CGTTCCAT,B-0035,WGS_i5_480,TTAAGATC,,,9.267479
J381,F05,F,5,1b,16.23,3.08,21.92,1.89,10.58,14.42,14,F05,B-0090,WGS_I7_381,CGTTCCAT,B-0036,WGS_i5_566,CCTCAACC,,,9.191312
Gund24,G05,G,5,1b,25.82,1.94,23.06,1.16,17.31,7.69,14,G05,B-0090,WGS_I7_381,CGTTCCAT,B-0037,WGS_i5_577,AGCCTGAC,,,15
0,H05,H,5,1b,0.15,25,0.1,0.17,25,0.1,14,H05,B-0090,WGS_I7_381,CGTTCCAT,B-0038,WGS_i5_651,TACGGCGA,,,0
J405,A06,A,6,1b,0.7,25,0.1,0.7,25,0.1,14,A06,B-0091,WGS_I7_423,CTGGTTCG,B-0031,WGS_i5_3,GCATGGTT,,,8.78991
J386,B06,B,6,1b,3.5,14.28,10.72,1.92,10.44,14.56,14,B06,B-0091,WGS_I7_423,CTGGTTCG,B-0032,WGS_i5_139,CAGGCTCT,,,9.886558
J433a,C06,C,6,1b,3.77,13.27,11.73,1.53,13.04,11.96,14,C06,B-0091,WGS_I7_423,CTGGTTCG,B-0033,WGS_i5_197,ATGGCTAT,,,8.601835
J346,D06,D,6,1b,10.67,4.69,20.31,2,9.98,15.02,14,D06,B-0091,WGS_I7_423,CTGGTTCG,B-0034,WGS_i5_321,GGTTACGG,,,10.5877
J424,E06,E,6,1b,1.21,25,0.1,1.12,17.89,7.11,14,E06,B-0091,WGS_I7_423,CTGGTTCG,B-0035,WGS_i5_480,TTAAGATC,,,9.987696
J403,F06,F,6,1b,0.7,25,0.1,0.65,25,0.1,14,F06,B-0091,WGS_I7_423,CTGGTTCG,B-0036,WGS_i5_566,CCTCAACC,,,9.768794
Gund15,G06,G,6,1b,7.81,6.4,18.6,1.66,12.02,12.98,14,G06,B-0091,WGS_I7_423,CTGGTTCG,B-0037,WGS_i5_577,AGCCTGAC,,,15
0,H06,H,6,1b,0.14,25,0.1,0.17,25,0.1,14,H06,B-0091,WGS_I7_423,CTGGTTCG,B-0038,WGS_i5_651,TACGGCGA,,,0
J340,A07,A,7,1b,16.85,2.97,22.03,2.58,7.75,17.25,14,A07,B-0092,WGS_I7_533,GGATTACC,B-0031,WGS_i5_3,GCATGGTT,,,10.15159
J426,B07,B,7,1b,5.3,9.44,15.56,1.91,10.47,14.53,14,B07,B-0092,WGS_I7_533,GGATTACC,B-0032,WGS_i5_139,CAGGCTCT,,,9.987327
J388F,C07,C,7,1b,3.3,15.16,9.84,1.82,10.99,14.01,14,C07,B-0092,WGS_I7_533,GGATTACC,B-0033,WGS_i5_197,ATGGCTAT,,,8.462401
J389,D07,D,7,1b,20.98,2.38,22.62,3.24,6.17,18.83,14,D07,B-0092,WGS_I7_533,GGATTACC,B-0034,WGS_i5_321,GGTTACGG,,,10.60277
J412,E07,E,7,1b,1.06,25,0.1,0.99,20.29,4.71,14,E07,B-0092,WGS_I7_533,GGATTACC,B-0035,WGS_i5_480,TTAAGATC,,,9.737556
J341,F07,F,7,1b,14.21,3.52,21.48,2.33,8.6,16.4,14,F07,B-0092,WGS_I7_533,GGATTACC,B-0036,WGS_i5_566,CCTCAACC,,,10.1744
Gund22,G07,G,7,1b,2.05,24.43,0.57,1.93,10.39,14.61,14,G07,B-0092,WGS_I7_533,GGATTACC,B-0037,WGS_i5_577,AGCCTGAC,,,15
0,H07,H,7,1b,0.08,25,0.1,0.03,25,0.1,14,H07,B-0092,WGS_I7_533,GGATTACC,B-0038,WGS_i5_651,TACGGCGA,,,0
VWG14,A08,A,8,1b,1.67,25,0.1,1.47,13.57,11.43,14,A08,B-0093,WGS_I7_546,GGTATCTA,B-0031,WGS_i5_3,GCATGGTT,,,15
J382A,B08,B,8,1b,0.07,25,0.1,0.03,25,0.1,14,B08,B-0093,WGS_I7_546,GGTATCTA,B-0032,WGS_i5_139,CAGGCTCT,,,15
J434a,C08,C,8,1b,4.31,11.59,13.41,1.76,11.34,13.66,14,C08,B-0093,WGS_I7_546,GGTATCTA,B-0033,WGS_i5_197,ATGGCTAT,,,9.435942
J404,D08,D,8,1b,0.98,25,0.1,0.93,21.56,3.44,14,D08,B-0093,WGS_I7_546,GGTATCTA,B-0034,WGS_i5_321,GGTTACGG,,,11.09711
J420,E08,E,8,1b,1.9,25,0.1,0.84,23.78,1.22,14,E08,B-0093,WGS_I7_546,GGTATCTA,B-0035,WGS_i5_480,TTAAGATC,,,10.38119
J406,F08,F,8,1b,1.08,25,0.1,1.03,19.36,5.64,14,F08,B-0093,WGS_I7_546,GGTATCTA,B-0036,WGS_i5_566,CCTCAACC,,,10.80171
Gund16,G08,G,8,1b,5.84,8.56,16.44,1.22,16.36,8.64,14,G08,B-0093,WGS_I7_546,GGTATCTA,B-0037,WGS_i5_577,AGCCTGAC,,,15
0,H08,H,8,1b,0.07,25,0.1,0.03,25,0.1,14,H08,B-0093,WGS_I7_546,GGTATCTA,B-0038,WGS_i5_651,TACGGCGA,,,0
J399,A09,A,9,1b,0.91,25,0.1,1.63,12.28,12.72,14,A09,B-0094,WGS_I7_571,GTCGCTAG,B-0031,WGS_i5_3,GCATGGTT,,,10.74144
TLC775,B09,B,9,1b,0.33,25,0.1,0.25,25,0.1,14,B09,B-0094,WGS_I7_571,GTCGCTAG,B-0032,WGS_i5_139,CAGGCTCT,,,11.28745
J428d,C09,C,9,1b,3.48,14.36,10.64,1.8,11.12,13.88,14,C09,B-0094,WGS_I7_571,GTCGCTAG,B-0033,WGS_i5_197,ATGGCTAT,,,10.86152
J303,D09,D,9,1b,8.67,5.77,19.23,2.01,9.94,15.06,14,D09,B-0094,WGS_I7_571,GTCGCTAG,B-0034,WGS_i5_321,GGTTACGG,,,11.08154
J422,E09,E,9,1b,1.08,25,0.1,0.99,20.17,4.83,14,E09,B-0094,WGS_I7_571,GTCGCTAG,B-0035,WGS_i5_480,TTAAGATC,,,10.48224
J327,F09,F,9,1b,2.77,18.07,6.93,1.53,13.07,11.93,14,F09,B-0094,WGS_I7_571,GTCGCTAG,B-0036,WGS_i5_566,CCTCAACC,,,9.898096
Gund26,G09,G,9,1b,19.45,2.57,22.43,0.38,25,0.1,14,G09,B-0094,WGS_I7_571,GTCGCTAG,B-0037,WGS_i5_577,AGCCTGAC,,,15
0,H09,H,9,1b,0.07,25,0.1,0.03,25,0.1,14,H09,B-0094,WGS_I7_571,GTCGCTAG,B-0038,WGS_i5_651,TACGGCGA,,,0
J369,A10,A,10,1b,2.23,22.39,2.61,1.66,12.08,12.92,14,A10,B-0095,WGS_I7_627,TCAGAGAT,B-0031,WGS_i5_3,GCATGGTT,,,11.51534
J437,B10,B,10,1b,2.79,17.9,7.1,1.56,12.84,12.16,14,B10,B-0095,WGS_I7_627,TCAGAGAT,B-0032,WGS_i5_139,CAGGCTCT,,,10.13089
J436d,C10,C,10,1b,4.95,10.1,14.9,1.84,10.89,14.11,14,C10,B-0095,WGS_I7_627,TCAGAGAT,B-0033,WGS_i5_197,ATGGCTAT,,,9.863228
NE90535,D10,D,10,1b,1.15,25,0.1,0.7,25,0.1,14,D10,B-0095,WGS_I7_627,TCAGAGAT,B-0034,WGS_i5_321,GGTTACGG,,,10.23356
J318,E10,E,10,1b,13.64,3.67,21.33,2.4,8.32,16.68,14,E10,B-0095,WGS_I7_627,TCAGAGAT,B-0035,WGS_i5_480,TTAAGATC,,,9.982147
J402,F10,F,10,1b,1.02,25,0.1,0.99,20.15,4.85,14,F10,B-0095,WGS_I7_627,TCAGAGAT,B-0036,WGS_i5_566,CCTCAACC,,,15
Gund23,G10,G,10,1b,11.93,4.19,20.81,1.29,15.54,9.46,14,G10,B-0095,WGS_I7_627,TCAGAGAT,B-0037,WGS_i5_577,AGCCTGAC,,,15
0,H10,H,10,1b,0.07,25,0.1,0.03,25,0.1,14,H10,B-0095,WGS_I7_627,TCAGAGAT,B-0038,WGS_i5_651,TACGGCGA,,,0
TLC715,A11,A,11,1b,1.73,25,0.1,1.37,14.61,10.39,14,A11,B-0096,WGS_I7_652,TCTATGGA,B-0031,WGS_i5_3,GCATGGTT,,,11.63761
J429f,B11,B,11,1b,2.61,19.14,5.86,1.51,13.21,11.79,14,B11,B-0096,WGS_I7_652,TCTATGGA,B-0032,WGS_i5_139,CAGGCTCT,,,11.44601
J354,C11,C,11,1b,14.99,3.34,21.66,2.17,9.22,15.78,14,C11,B-0096,WGS_I7_652,TCTATGGA,B-0033,WGS_i5_197,ATGGCTAT,,,10.42688
J425i,D11,D,11,1b,3.2,15.6,9.4,1.77,11.3,13.7,14,D11,B-0096,WGS_I7_652,TCTATGGA,B-0034,WGS_i5_321,GGTTACGG,,,11.32147
J438,E11,E,11,1b,2.69,18.58,6.42,1.48,13.55,11.45,14,E11,B-0096,WGS_I7_652,TCTATGGA,B-0035,WGS_i5_480,TTAAGATC,,,10.83515
J342,F11,F,11,1b,7.84,6.38,18.62,1.73,11.57,13.43,14,F11,B-0096,WGS_I7_652,TCTATGGA,B-0036,WGS_i5_566,CCTCAACC,,,10.87072
0,G11,G,11,1b,0.07,25,0.1,0.03,25,0.1,14,G11,B-0096,WGS_I7_652,TCTATGGA,B-0037,WGS_i5_577,AGCCTGAC,,,5
0,H11,H,11,1b,0.07,25,0.1,0.03,25,0.1,14,H11,B-0096,WGS_I7_652,TCTATGGA,B-0038,WGS_i5_651,TACGGCGA,,,0
J301,A12,A,12,1b,1.65,25,0.1,1.48,13.52,11.48,14,A12,B-0097,WGS_I7_666,TGAGGTTC,B-0031,WGS_i5_3,GCATGGTT,,,12.97836
J390,B12,B,12,1b,3.29,15.2,9.8,1.66,12.04,12.96,14,B12,B-0097,WGS_I7_666,TGAGGTTC,B-0032,WGS_i5_139,CAGGCTCT,,,12.47425
J408,C12,C,12,1b,3.93,12.72,12.28,0.2,25,0.1,14,C12,B-0097,WGS_I7_666,TGAGGTTC,B-0033,WGS_i5_197,ATGGCTAT,,,12.811
J347,D12,D,12,1b,5.79,8.64,16.36,1.55,12.91,12.09,14,D12,B-0097,WGS_I7_666,TGAGGTTC,B-0034,WGS_i5_321,GGTTACGG,,,12.01534
J394g,E12,E,12,1b,2.12,23.54,1.46,1.69,11.84,13.16,14,E12,B-0097,WGS_I7_666,TGAGGTTC,B-0035,WGS_i5_480,TTAAGATC,,,12.16676
TLC725,F12,F,12,1b,2.58,19.39,5.61,1.45,13.76,11.24,14,F12,B-0097,WGS_I7_666,TGAGGTTC,B-0036,WGS_i5_566,CCTCAACC,,,11.01102
0,G12,G,12,1b,0.07,25,0.1,0.03,25,0.1,14,G12,B-0097,WGS_I7_666,TGAGGTTC,B-0037,WGS_i5_577,AGCCTGAC,,,0
0,H12,H,12,1b,0.06,25,0.1,0.03,25,0.1,14,H12,B-0097,WGS_I7_666,TGAGGTTC,B-0038,WGS_i5_651,TACGGCGA,,,0