Sample_Name,Index1_ID,Index1_Sequence,Index2_ID,Index2_Sequence
001_011_1_1,WGS_i7_3,AACCATAA,WGS_i5_3,GCATGGTT
024_012_5_4,WGS_i7_3,AACCATAA,WGS_i5_139,CAGGCTCT
037_014_1_1,WGS_i7_3,AACCATAA,WGS_i5_197,ATGGCTAT
111_021_1_2,WGS_i7_3,AACCATAA,WGS_i5_321,GGTTACGG
116_022_1_3,WGS_i7_3,AACCATAA,WGS_i5_480,TTAAGATC
121_024_3_3,WGS_i7_3,AACCATAA,WGS_i5_566,CCTCAACC
126_025_5_3,WGS_i7_3,AACCATAA,WGS_i5_577,AGCCTGAC
151_033_1_2,WGS_i7_3,AACCATAA,WGS_i5_651,TACGGCGA
165_034_2_1,WGS_i7_51,ACCAGCAA,WGS_i5_3,GCATGGTT
182_039_3_1_d1,WGS_i7_51,ACCAGCAA,WGS_i5_139,CAGGCTCT
198_040_5_1,WGS_i7_51,ACCAGCAA,WGS_i5_197,ATGGCTAT
251_051_1_3,WGS_i7_51,ACCAGCAA,WGS_i5_321,GGTTACGG
256_052_1_2,WGS_i7_51,ACCAGCAA,WGS_i5_480,TTAAGATC
261_053_3_4,WGS_i7_51,ACCAGCAA,WGS_i5_566,CCTCAACC
266_054_5_2,WGS_i7_51,ACCAGCAA,WGS_i5_577,AGCCTGAC
293_061_1_1,WGS_i7_51,ACCAGCAA,WGS_i5_651,TACGGCGA
298_062_1_3,WGS_i7_71,ACGCCGTT,WGS_i5_3,GCATGGTT
303_063_3_4,WGS_i7_71,ACGCCGTT,WGS_i5_139,CAGGCTCT
308_064_5_1b,WGS_i7_71,ACGCCGTT,WGS_i5_197,ATGGCTAT
003_011_2_1,WGS_i7_71,ACGCCGTT,WGS_i5_321,GGTTACGG
335_072_1_1,WGS_i7_71,ACGCCGTT,WGS_i5_480,TTAAGATC
340_073_1_2,WGS_i7_71,ACGCCGTT,WGS_i5_566,CCTCAACC
345_074_3_3,WGS_i7_71,ACGCCGTT,WGS_i5_577,AGCCTGAC
350_075_5_3,WGS_i7_71,ACGCCGTT,WGS_i5_651,TACGGCGA
367_109_1_1,WGS_i7_220,CAATATCC,WGS_i5_3,GCATGGTT
381_110_3_1,WGS_i7_220,CAATATCC,WGS_i5_139,CAGGCTCT
395_111_3_1,WGS_i7_220,CAATATCC,WGS_i5_197,ATGGCTAT
414_112_5_1,WGS_i7_220,CAATATCC,WGS_i5_321,GGTTACGG
052_015_2_1,WGS_i7_220,CAATATCC,WGS_i5_480,TTAAGATC
068_016_3_2,WGS_i7_220,CAATATCC,WGS_i5_566,CCTCAACC
085_017_5_4,WGS_i7_220,CAATATCC,WGS_i5_577,AGCCTGAC
099_020_1_2,WGS_i7_220,CAATATCC,WGS_i5_651,TACGGCGA
504_120_1_1,WGS_i7_290,CCGCCGCA,WGS_i5_3,GCATGGTT
509_121_1_4,WGS_i7_290,CCGCCGCA,WGS_i5_139,CAGGCTCT
514_122_3_4,WGS_i7_290,CCGCCGCA,WGS_i5_197,ATGGCTAT
519_123_5_4,WGS_i7_290,CCGCCGCA,WGS_i5_321,GGTTACGG
540_158_1_2,WGS_i7_290,CCGCCGCA,WGS_i5_480,TTAAGATC
545_159_1_2,WGS_i7_290,CCGCCGCA,WGS_i5_566,CCTCAACC
007_011_3_1,WGS_i7_290,CCGCCGCA,WGS_i5_577,AGCCTGAC
550_160_3_3,WGS_i7_290,CCGCCGCA,WGS_i5_651,TACGGCGA
131_028_1_2,WGS_i7_341,CGATTCGG,WGS_i5_3,GCATGGTT
136_029_1_2,WGS_i7_341,CGATTCGG,WGS_i5_139,CAGGCTCT
141_030_3_2,WGS_i7_341,CGATTCGG,WGS_i5_197,ATGGCTAT
146_031_5_2,WGS_i7_341,CGATTCGG,WGS_i5_321,GGTTACGG
402_112_1_2_d3,WGS_i7_341,CGATTCGG,WGS_i5_480,TTAAGATC
591_169_2_2,WGS_i7_341,CGATTCGG,WGS_i5_566,CCTCAACC
745_221_1_2,WGS_i7_341,CGATTCGG,WGS_i5_577,AGCCTGAC
607_170_3_2,WGS_i7_341,CGATTCGG,WGS_i5_651,TACGGCGA
271_056_1_1,WGS_i7_435,GAAGAACG,WGS_i5_3,GCATGGTT
276_057_1_4,WGS_i7_435,GAAGAACG,WGS_i5_139,CAGGCTCT
281_058_3_1,WGS_i7_435,GAAGAACG,WGS_i5_197,ATGGCTAT
287_059_5_3b,WGS_i7_435,GAAGAACG,WGS_i5_321,GGTTACGG
626_171_5_1,WGS_i7_435,GAAGAACG,WGS_i5_480,TTAAGATC
639_173_1_1,WGS_i7_435,GAAGAACG,WGS_i5_566,CCTCAACC
749_222_1_3,WGS_i7_435,GAAGAACG,WGS_i5_577,AGCCTGAC
703_201_1_3,WGS_i7_435,GAAGAACG,WGS_i5_651,TACGGCGA
708_202_1_4,WGS_i7_574,GTCTCGTT,WGS_i5_3,GCATGGTT
714_203_3_3,WGS_i7_574,GTCTCGTT,WGS_i5_139,CAGGCTCT
719_204_5_4,WGS_i7_574,GTCTCGTT,WGS_i5_197,ATGGCTAT
752_222_5_2,WGS_i7_574,GTCTCGTT,WGS_i5_321,GGTTACGG
215_044_1_2,WGS_i7_574,GTCTCGTT,WGS_i5_480,TTAAGATC
230_045_2_2,WGS_i7_574,GTCTCGTT,WGS_i5_566,CCTCAACC
244_046_3_1,WGS_i7_574,GTCTCGTT,WGS_i5_577,AGCCTGAC
757_224_1_2,WGS_i7_574,GTCTCGTT,WGS_i5_651,TACGGCGA
761_225_1_2,WGS_i7_579,GTTAGCGG,WGS_i5_3,GCATGGTT
012_011_5_2,WGS_i7_579,GTTAGCGG,WGS_i5_139,CAGGCTCT
724_206_1_1,WGS_i7_579,GTTAGCGG,WGS_i5_197,ATGGCTAT
729_207_1_4,WGS_i7_579,GTTAGCGG,WGS_i5_321,GGTTACGG
734_208_3_2,WGS_i7_579,GTTAGCGG,WGS_i5_480,TTAAGATC
739_209_5_1,WGS_i7_579,GTTAGCGG,WGS_i5_566,CCTCAACC
402_112_1_2_d4,WGS_i7_579,GTTAGCGG,WGS_i5_577,AGCCTGAC
772_227_5_3,WGS_i7_579,GTTAGCGG,WGS_i5_651,TACGGCGA
654_174_2_1,WGS_i7_586,GTTGGAAT,WGS_i5_3,GCATGGTT
672_175_3_1,WGS_i7_586,GTTGGAAT,WGS_i5_139,CAGGCTCT
314_066_1_1,WGS_i7_586,GTTGGAAT,WGS_i5_197,ATGGCTAT
319_068_1_2,WGS_i7_586,GTTGGAAT,WGS_i5_321,GGTTACGG
324_069_3_1,WGS_i7_586,GTTGGAAT,WGS_i5_480,TTAAGATC
329_070_5_1,WGS_i7_586,GTTGGAAT,WGS_i5_566,CCTCAACC
BLANK,WGS_i7_586,GTTGGAAT,WGS_i5_577,AGCCTGAC
777_228_5_4,WGS_i7_586,GTTGGAAT,WGS_i5_651,TACGGCGA
355_077_1_2,WGS_i7_673,TGCGTATC,WGS_i5_3,GCATGGTT
360_078_1_3,WGS_i7_673,TGCGTATC,WGS_i5_139,CAGGCTCT
428_114_1_2,WGS_i7_673,TGCGTATC,WGS_i5_197,ATGGCTAT
444_115_2_1,WGS_i7_673,TGCGTATC,WGS_i5_321,GGTTACGG
460_116_3_1,WGS_i7_673,TGCGTATC,WGS_i5_480,TTAAGATC
478_117_5_2,WGS_i7_673,TGCGTATC,WGS_i5_566,CCTCAACC
524_125_1_1,WGS_i7_673,TGCGTATC,WGS_i5_577,AGCCTGAC
539_128_5_1,WGS_i7_673,TGCGTATC,WGS_i5_651,TACGGCGA
529_126_1_4,WGS_i7_744,TTGCTTGC,WGS_i5_3,GCATGGTT
534_127_3_3,WGS_i7_744,TTGCTTGC,WGS_i5_139,CAGGCTCT
555_161_5_2,WGS_i7_744,TTGCTTGC,WGS_i5_197,ATGGCTAT
560_164_1_2,WGS_i7_744,TTGCTTGC,WGS_i5_321,GGTTACGG
565_165_1_4,WGS_i7_744,TTGCTTGC,WGS_i5_480,TTAAGATC
570_166_3_1,WGS_i7_744,TTGCTTGC,WGS_i5_566,CCTCAACC
691_176_5_3,WGS_i7_744,TTGCTTGC,WGS_i5_577,AGCCTGAC
BLANK1,WGS_i7_744,TTGCTTGC,WGS_i5_651,TACGGCGA
576_168_1_1,WGS_I7_2,AACCAGGT,WGS_i5_3,GCATGGTT
025_013_1_3,WGS_I7_2,AACCAGGT,WGS_i5_139,CAGGCTCT
039_014_2_1,WGS_I7_2,AACCAGGT,WGS_i5_197,ATGGCTAT
112_021_1_3,WGS_I7_2,AACCAGGT,WGS_i5_321,GGTTACGG
117_022_3_3,WGS_I7_2,AACCAGGT,WGS_i5_480,TTAAGATC
122_024_5_1,WGS_I7_2,AACCAGGT,WGS_i5_566,CCTCAACC
127_026_1_3,WGS_I7_2,AACCAGGT,WGS_i5_577,AGCCTGAC
153_033_2_1,WGS_I7_2,AACCAGGT,WGS_i5_651,TACGGCGA
169_034_3_1,WGS_I7_19,AAGAACCG,WGS_i5_3,GCATGGTT
188_039_5_2,WGS_I7_19,AAGAACCG,WGS_i5_139,CAGGCTCT
203_042_1_2,WGS_I7_19,AAGAACCG,WGS_i5_197,ATGGCTAT
252_051_1_4,WGS_I7_19,AAGAACCG,WGS_i5_321,GGTTACGG
257_052_3_3,WGS_I7_19,AAGAACCG,WGS_i5_480,TTAAGATC
262_053_5_4,WGS_I7_19,AAGAACCG,WGS_i5_566,CCTCAACC
267_055_1_2,WGS_I7_19,AAGAACCG,WGS_i5_577,AGCCTGAC
294_061_1_3,WGS_I7_19,AAGAACCG,WGS_i5_651,TACGGCGA
299_062_3_2,WGS_I7_20,AAGACCGC,WGS_i5_3,GCATGGTT
304_063_5_4,WGS_I7_20,AAGACCGC,WGS_i5_139,CAGGCTCT
309_065_1_1,WGS_I7_20,AAGACCGC,WGS_i5_197,ATGGCTAT
578_168_2_1,WGS_I7_20,AAGACCGC,WGS_i5_321,GGTTACGG
336_072_1_2,WGS_I7_20,AAGACCGC,WGS_i5_480,TTAAGATC
341_073_3_2,WGS_I7_20,AAGACCGC,WGS_i5_566,CCTCAACC
346_074_5_2,WGS_I7_20,AAGACCGC,WGS_i5_577,AGCCTGAC
351_076_1_1,WGS_I7_20,AAGACCGC,WGS_i5_651,TACGGCGA
369_109_2_1,WGS_I7_309,CCTAGATA,WGS_i5_3,GCATGGTT
385_110_4_1,WGS_I7_309,CCTAGATA,WGS_i5_139,CAGGCTCT
400_111_5_1,WGS_I7_309,CCTAGATA,WGS_i5_197,ATGGCTAT
416_113_1_3,WGS_I7_309,CCTAGATA,WGS_i5_321,GGTTACGG
056_015_3_3,WGS_I7_309,CCTAGATA,WGS_i5_480,TTAAGATC
073_016_5_4,WGS_I7_309,CCTAGATA,WGS_i5_566,CCTCAACC
086_018_1_2,WGS_I7_309,CCTAGATA,WGS_i5_577,AGCCTGAC
101_020_2_1,WGS_I7_309,CCTAGATA,WGS_i5_651,TACGGCGA
505_120_1_2,WGS_I7_381,CGTTCCAT,WGS_i5_3,GCATGGTT
510_121_3_2,WGS_I7_381,CGTTCCAT,WGS_i5_139,CAGGCTCT
515_122_5_4,WGS_I7_381,CGTTCCAT,WGS_i5_197,ATGGCTAT
520_124_1_2,WGS_I7_381,CGTTCCAT,WGS_i5_321,GGTTACGG
541_158_1_3,WGS_I7_381,CGTTCCAT,WGS_i5_480,TTAAGATC
546_159_3_1_d1,WGS_I7_381,CGTTCCAT,WGS_i5_566,CCTCAACC
582_168_3_1,WGS_I7_381,CGTTCCAT,WGS_i5_577,AGCCTGAC
551_160_5_3,WGS_I7_381,CGTTCCAT,WGS_i5_651,TACGGCGA
132_028_1_3,WGS_I7_423,CTGGTTCG,WGS_i5_3,GCATGGTT
137_029_3_2,WGS_I7_423,CTGGTTCG,WGS_i5_139,CAGGCTCT
142_030_5_2,WGS_I7_423,CTGGTTCG,WGS_i5_197,ATGGCTAT
147_032_1_2,WGS_I7_423,CTGGTTCG,WGS_i5_321,GGTTACGG
182_039_3_1_d3,WGS_I7_423,CTGGTTCG,WGS_i5_480,TTAAGATC
594_169_3_1,WGS_I7_423,CTGGTTCG,WGS_i5_566,CCTCAACC
746_221_1_3,WGS_I7_423,CTGGTTCG,WGS_i5_577,AGCCTGAC
612_170_5_2,WGS_I7_423,CTGGTTCG,WGS_i5_651,TACGGCGA
272_056_1_3,WGS_I7_533,GGATTACC,WGS_i5_3,GCATGGTT
277_057_3_1,WGS_I7_533,GGATTACC,WGS_i5_139,CAGGCTCT
282_058_5_2,WGS_I7_533,GGATTACC,WGS_i5_197,ATGGCTAT
288_060_1_2,WGS_I7_533,GGATTACC,WGS_i5_321,GGTTACGG
627_172_1_2,WGS_I7_533,GGATTACC,WGS_i5_480,TTAAGATC
641_173_2_1,WGS_I7_533,GGATTACC,WGS_i5_566,CCTCAACC
750_222_1_4,WGS_I7_533,GGATTACC,WGS_i5_577,AGCCTGAC
704_201_1_4,WGS_I7_533,GGATTACC,WGS_i5_651,TACGGCGA
709_202_3_2,WGS_I7_546,GGTATCTA,WGS_i5_3,GCATGGTT
715_203_5_2,WGS_I7_546,GGTATCTA,WGS_i5_139,CAGGCTCT
720_205_1_1,WGS_I7_546,GGTATCTA,WGS_i5_197,ATGGCTAT
753_223_1_1,WGS_I7_546,GGTATCTA,WGS_i5_321,GGTTACGG
217_044_2_1,WGS_I7_546,GGTATCTA,WGS_i5_480,TTAAGATC
233_045_3_1,WGS_I7_546,GGTATCTA,WGS_i5_566,CCTCAACC
250_046_5_2,WGS_I7_546,GGTATCTA,WGS_i5_577,AGCCTGAC
758_224_1_4,WGS_I7_546,GGTATCTA,WGS_i5_651,TACGGCGA
762_225_1_4,WGS_I7_571,GTCGCTAG,WGS_i5_3,GCATGGTT
588_168_5_2b,WGS_I7_571,GTCGCTAG,WGS_i5_139,CAGGCTCT
725_206_1_2,WGS_I7_571,GTCGCTAG,WGS_i5_197,ATGGCTAT
730_207_3_3,WGS_I7_571,GTCGCTAG,WGS_i5_321,GGTTACGG
735_208_5_2,WGS_I7_571,GTCGCTAG,WGS_i5_480,TTAAGATC
740_210_1_3,WGS_I7_571,GTCGCTAG,WGS_i5_566,CCTCAACC
BLANK2,WGS_I7_571,GTCGCTAG,WGS_i5_577,AGCCTGAC
774_228_1_1,WGS_I7_571,GTCGCTAG,WGS_i5_651,TACGGCGA
658_174_3_1,WGS_I7_627,TCAGAGAT,WGS_i5_3,GCATGGTT
678_175_5_4,WGS_I7_627,TCAGAGAT,WGS_i5_139,CAGGCTCT
315_066_1_2,WGS_I7_627,TCAGAGAT,WGS_i5_197,ATGGCTAT
320_068_3_2,WGS_I7_627,TCAGAGAT,WGS_i5_321,GGTTACGG
325_069_5_3,WGS_I7_627,TCAGAGAT,WGS_i5_480,TTAAGATC
330_071_1_1,WGS_I7_627,TCAGAGAT,WGS_i5_566,CCTCAACC
492_119_1_3,WGS_I7_627,TCAGAGAT,WGS_i5_577,AGCCTGAC
778_229_1_1,WGS_I7_627,TCAGAGAT,WGS_i5_651,TACGGCGA
356_077_1_3,WGS_I7_652,TCTATGGA,WGS_i5_3,GCATGGTT
361_078_5_2,WGS_I7_652,TCTATGGA,WGS_i5_139,CAGGCTCT
430_114_2_1,WGS_I7_652,TCTATGGA,WGS_i5_197,ATGGCTAT
447_115_3_1,WGS_I7_652,TCTATGGA,WGS_i5_321,GGTTACGG
465_116_5_4,WGS_I7_652,TCTATGGA,WGS_i5_480,TTAAGATC
479_118_1_2,WGS_I7_652,TCTATGGA,WGS_i5_566,CCTCAACC
525_125_1_4,WGS_I7_652,TCTATGGA,WGS_i5_577,AGCCTGAC
BLANK3,WGS_I7_652,TCTATGGA,WGS_i5_651,TACGGCGA
530_126_3_3,WGS_I7_666,TGAGGTTC,WGS_i5_3,GCATGGTT
535_127_5_4,WGS_I7_666,TGAGGTTC,WGS_i5_139,CAGGCTCT
556_162_1_1,WGS_I7_666,TGAGGTTC,WGS_i5_197,ATGGCTAT
561_164_1_4,WGS_I7_666,TGAGGTTC,WGS_i5_321,GGTTACGG
566_165_3_1,WGS_I7_666,TGAGGTTC,WGS_i5_480,TTAAGATC
571_166_5_2,WGS_I7_666,TGAGGTTC,WGS_i5_566,CCTCAACC
692_177_1_1,WGS_I7_666,TGAGGTTC,WGS_i5_577,AGCCTGAC
782_230_1_1,WGS_I7_666,TGAGGTTC,WGS_i5_651,TACGGCGA
013_012_1_3,WGS_i7_4,AACCGAAC,WGS_i5_3,GCATGGTT
027_013_2_1,WGS_i7_4,AACCGAAC,WGS_i5_139,CAGGCTCT
042_014_3_1_d1,WGS_i7_4,AACCGAAC,WGS_i5_197,ATGGCTAT
113_021_3_3,WGS_i7_4,AACCGAAC,WGS_i5_321,GGTTACGG
118_022_5_4,WGS_i7_4,AACCGAAC,WGS_i5_480,TTAAGATC
123_025_1_1,WGS_i7_4,AACCGAAC,WGS_i5_566,CCTCAACC
128_026_1_4,WGS_i7_4,AACCGAAC,WGS_i5_577,AGCCTGAC
156_033_3_1,WGS_i7_4,AACCGAAC,WGS_i5_651,TACGGCGA
174_034_5_3,WGS_i7_5,AACCTATA,WGS_i5_3,GCATGGTT
190_040_1_1,WGS_i7_5,AACCTATA,WGS_i5_139,CAGGCTCT
205_042_2_1,WGS_i7_5,AACCTATA,WGS_i5_197,ATGGCTAT
253_051_3_1,WGS_i7_5,AACCTATA,WGS_i5_321,GGTTACGG
258_052_5_2,WGS_i7_5,AACCTATA,WGS_i5_480,TTAAGATC
263_054_1_2,WGS_i7_5,AACCTATA,WGS_i5_566,CCTCAACC
268_055_1_3,WGS_i7_5,AACCTATA,WGS_i5_577,AGCCTGAC
295_061_3_4,WGS_i7_5,AACCTATA,WGS_i5_651,TACGGCGA
300_062_5_4,WGS_i7_49,ACCAAGTT,WGS_i5_3,GCATGGTT
305_064_1_3,WGS_i7_49,ACCAAGTT,WGS_i5_139,CAGGCTCT
310_065_1_2,WGS_i7_49,ACCAAGTT,WGS_i5_197,ATGGCTAT
042_014_3_1_d2,WGS_i7_49,ACCAAGTT,WGS_i5_321,GGTTACGG
337_072_3_4,WGS_i7_49,ACCAAGTT,WGS_i5_480,TTAAGATC
342_073_5_2,WGS_i7_49,ACCAAGTT,WGS_i5_566,CCTCAACC
347_075_1_2,WGS_i7_49,ACCAAGTT,WGS_i5_577,AGCCTGAC
352_076_1_3,WGS_i7_49,ACCAAGTT,WGS_i5_651,TACGGCGA
373_109_3_2,WGS_i7_159,ATACCTAC,WGS_i5_3,GCATGGTT
388_110_4_4,WGS_i7_159,ATACCTAC,WGS_i5_139,CAGGCTCT
402_112_1_2_d2,WGS_i7_159,ATACCTAC,WGS_i5_197,ATGGCTAT
418_113_2_1,WGS_i7_159,ATACCTAC,WGS_i5_321,GGTTACGG
060_015_5_1,WGS_i7_159,ATACCTAC,WGS_i5_480,TTAAGATC
075_017_1_3,WGS_i7_159,ATACCTAC,WGS_i5_566,CCTCAACC
088_018_2_1,WGS_i7_159,ATACCTAC,WGS_i5_577,AGCCTGAC
105_020_3_2,WGS_i7_159,ATACCTAC,WGS_i5_651,TACGGCGA
506_120_3_3,WGS_i7_371,CGGTAGGT,WGS_i5_3,GCATGGTT
511_121_5_2,WGS_i7_371,CGGTAGGT,WGS_i5_139,CAGGCTCT
516_123_1_2,WGS_i7_371,CGGTAGGT,WGS_i5_197,ATGGCTAT
521_124_1_3,WGS_i7_371,CGGTAGGT,WGS_i5_321,GGTTACGG
542_158_3_3,WGS_i7_371,CGGTAGGT,WGS_i5_480,TTAAGATC
547_159_5_1,WGS_i7_371,CGGTAGGT,WGS_i5_566,CCTCAACC
686_176_3_3_d1,WGS_i7_371,CGGTAGGT,WGS_i5_577,AGCCTGAC
552_161_1_2,WGS_i7_371,CGGTAGGT,WGS_i5_651,TACGGCGA
133_028_3_3,WGS_i7_390,CTAGTACC,WGS_i5_3,GCATGGTT
138_029_5_2b,WGS_i7_390,CTAGTACC,WGS_i5_139,CAGGCTCT
143_031_1_1,WGS_i7_390,CTAGTACC,WGS_i5_197,ATGGCTAT
148_032_1_3,WGS_i7_390,CTAGTACC,WGS_i5_321,GGTTACGG
546_159_3_1_d2,WGS_i7_390,CTAGTACC,WGS_i5_480,TTAAGATC
600_169_5_4,WGS_i7_390,CTAGTACC,WGS_i5_566,CCTCAACC
747_221_3_1,WGS_i7_390,CTAGTACC,WGS_i5_577,AGCCTGAC
614_171_1_1,WGS_i7_390,CTAGTACC,WGS_i5_651,TACGGCGA
273_056_3_1,WGS_i7_532,GGATGCTA,WGS_i5_3,GCATGGTT
278_057_5_2,WGS_i7_532,GGATGCTA,WGS_i5_139,CAGGCTCT
284_059_1_1,WGS_i7_532,GGATGCTA,WGS_i5_197,ATGGCTAT
289_060_1_4,WGS_i7_532,GGATGCTA,WGS_i5_321,GGTTACGG
629_172_2_1,WGS_i7_532,GGATGCTA,WGS_i5_480,TTAAGATC
644_173_3_1,WGS_i7_532,GGATGCTA,WGS_i5_566,CCTCAACC
751_222_3_2,WGS_i7_532,GGATGCTA,WGS_i5_577,AGCCTGAC
705_201_3_2,WGS_i7_532,GGATGCTA,WGS_i5_651,TACGGCGA
710_202_5_1,WGS_i7_554,GGTTCTGA,WGS_i5_3,GCATGGTT
716_204_1_3,WGS_i7_554,GGTTCTGA,WGS_i5_139,CAGGCTCT
721_205_1_4,WGS_i7_554,GGTTCTGA,WGS_i5_197,ATGGCTAT
754_223_1_3,WGS_i7_554,GGTTCTGA,WGS_i5_321,GGTTACGG
221_044_3_2,WGS_i7_554,GGTTCTGA,WGS_i5_480,TTAAGATC
237_045_5_1,WGS_i7_554,GGTTCTGA,WGS_i5_566,CCTCAACC
BLANK4,WGS_i7_554,GGTTCTGA,WGS_i5_577,AGCCTGAC
759_224_1_3b,WGS_i7_554,GGTTCTGA,WGS_i5_651,TACGGCGA
763_225_3_1,WGS_i7_620,TATCCTCG,WGS_i5_3,GCATGGTT
766_226_1_3,WGS_i7_620,TATCCTCG,WGS_i5_139,CAGGCTCT
726_206_3_2,WGS_i7_620,TATCCTCG,WGS_i5_197,ATGGCTAT
731_207_5_4,WGS_i7_620,TATCCTCG,WGS_i5_321,GGTTACGG
736_209_1_1,WGS_i7_620,TATCCTCG,WGS_i5_480,TTAAGATC
741_210_1_4,WGS_i7_620,TATCCTCG,WGS_i5_566,CCTCAACC
769_227_1_1,WGS_i7_620,TATCCTCG,WGS_i5_577,AGCCTGAC
775_228_1_2,WGS_i7_620,TATCCTCG,WGS_i5_651,TACGGCGA
664_174_5_3,WGS_i7_645,TCGAGAAG,WGS_i5_3,GCATGGTT
680_176_1_1,WGS_i7_645,TCGAGAAG,WGS_i5_139,CAGGCTCT
316_066_3_4,WGS_i7_645,TCGAGAAG,WGS_i5_197,ATGGCTAT
321_068_5_2,WGS_i7_645,TCGAGAAG,WGS_i5_321,GGTTACGG
326_070_1_1,WGS_i7_645,TCGAGAAG,WGS_i5_480,TTAAGATC
331_071_1_2,WGS_i7_645,TCGAGAAG,WGS_i5_566,CCTCAACC
494_119_2_1,WGS_i7_645,TCGAGAAG,WGS_i5_577,AGCCTGAC
BLANK5,WGS_i7_645,TCGAGAAG,WGS_i5_651,TACGGCGA
357_077_3_2,WGS_i7_658,TCTGGCGG,WGS_i5_3,GCATGGTT
362_078_5_2,WGS_i7_658,TCTGGCGG,WGS_i5_139,CAGGCTCT
434_114_3_1,WGS_i7_658,TCTGGCGG,WGS_i5_197,ATGGCTAT
453_115_5_3,WGS_i7_658,TCTGGCGG,WGS_i5_321,GGTTACGG
466_117_1_1,WGS_i7_658,TCTGGCGG,WGS_i5_480,TTAAGATC
481_118_2_1,WGS_i7_658,TCTGGCGG,WGS_i5_566,CCTCAACC
526_125_3_2,WGS_i7_658,TCTGGCGG,WGS_i5_577,AGCCTGAC
779_229_1_4,WGS_i7_658,TCTGGCGG,WGS_i5_651,TACGGCGA
531_126_5_3,WGS_i7_659,TCTTAGCT,WGS_i5_3,GCATGGTT
536_128_1_2,WGS_i7_659,TCTTAGCT,WGS_i5_139,CAGGCTCT
557_162_1_3,WGS_i7_659,TCTTAGCT,WGS_i5_197,ATGGCTAT
562_164_3_2,WGS_i7_659,TCTTAGCT,WGS_i5_321,GGTTACGG
567_165_5_3,WGS_i7_659,TCTTAGCT,WGS_i5_480,TTAAGATC
572_167_1_1,WGS_i7_659,TCTTAGCT,WGS_i5_566,CCTCAACC
694_177_2_1,WGS_i7_659,TCTTAGCT,WGS_i5_577,AGCCTGAC
783_230_1_3,WGS_i7_659,TCTTAGCT,WGS_i5_651,TACGGCGA
015_012_2_1,WGS_i7_3,AACCATAA,WGS_i5_1,CGTTGGTT
029_013_3_1,WGS_i7_3,AACCATAA,WGS_i5_68,CTAGAATT
045_014_4_1,WGS_i7_3,AACCATAA,WGS_i5_123,TCGGTTCT
114_021_5_2,WGS_i7_3,AACCATAA,WGS_i5_304,GCATTCGG
119_024_1_2,WGS_i7_3,AACCATAA,WGS_i5_334,AAGGCAGG
124_025_1_3,WGS_i7_3,AACCATAA,WGS_i5_537,TACCATCC
129_026_3_4,WGS_i7_3,AACCATAA,WGS_i5_549,AGTACGCC
162_033_5_4,WGS_i7_3,AACCATAA,WGS_i5_650,GGAATCGA
176_039_1_1,WGS_i7_51,ACCAGCAA,WGS_i5_1,CGTTGGTT
192_040_2_1,WGS_i7_51,ACCAGCAA,WGS_i5_68,CTAGAATT
209_042_3_1,WGS_i7_51,ACCAGCAA,WGS_i5_123,TCGGTTCT
254_051_5_4,WGS_i7_51,ACCAGCAA,WGS_i5_304,GCATTCGG
259_053_1_1,WGS_i7_51,ACCAGCAA,WGS_i5_334,AAGGCAGG
264_054_1_3,WGS_i7_51,ACCAGCAA,WGS_i5_537,TACCATCC
269_055_3_1,WGS_i7_51,ACCAGCAA,WGS_i5_549,AGTACGCC
296_061_5_4,WGS_i7_51,ACCAGCAA,WGS_i5_650,GGAATCGA
301_063_1_3,WGS_i7_71,ACGCCGTT,WGS_i5_1,CGTTGGTT
306_064_1_4,WGS_i7_71,ACGCCGTT,WGS_i5_68,CTAGAATT
311_065_3_4,WGS_i7_71,ACGCCGTT,WGS_i5_123,TCGGTTCT
402_112_1_2_d1,WGS_i7_71,ACGCCGTT,WGS_i5_304,GCATTCGG
338_072_5_3,WGS_i7_71,ACGCCGTT,WGS_i5_334,AAGGCAGG
343_074_1_1,WGS_i7_71,ACGCCGTT,WGS_i5_537,TACCATCC
348_075_1_3,WGS_i7_71,ACGCCGTT,WGS_i5_549,AGTACGCC
353_076_3_3,WGS_i7_71,ACGCCGTT,WGS_i5_650,GGAATCGA
378_109_5_1,WGS_i7_220,CAATATCC,WGS_i5_1,CGTTGGTT
389_111_1_1,WGS_i7_220,CAATATCC,WGS_i5_68,CTAGAATT
404_112_2_1,WGS_i7_220,CAATATCC,WGS_i5_123,TCGGTTCT
422_113_3_1,WGS_i7_220,CAATATCC,WGS_i5_304,GCATTCGG
062_016_1_1,WGS_i7_220,CAATATCC,WGS_i5_334,AAGGCAGG
076_017_2_1,WGS_i7_220,CAATATCC,WGS_i5_537,TACCATCC
093_018_3_2,WGS_i7_220,CAATATCC,WGS_i5_549,AGTACGCC
110_020_5_4,WGS_i7_220,CAATATCC,WGS_i5_650,GGAATCGA
507_120_5_3,WGS_i7_290,CCGCCGCA,WGS_i5_1,CGTTGGTT
512_122_1_2,WGS_i7_290,CCGCCGCA,WGS_i5_68,CTAGAATT
517_123_1_3,WGS_i7_290,CCGCCGCA,WGS_i5_123,TCGGTTCT
522_124_3_3,WGS_i7_290,CCGCCGCA,WGS_i5_304,GCATTCGG
543_158_5_1,WGS_i7_290,CCGCCGCA,WGS_i5_334,AAGGCAGG
548_160_1_1,WGS_i7_290,CCGCCGCA,WGS_i5_537,TACCATCC
042_014_3_1_d3,WGS_i7_290,CCGCCGCA,WGS_i5_549,AGTACGCC
553_161_1_3,WGS_i7_290,CCGCCGCA,WGS_i5_650,GGAATCGA
134_028_5_1,WGS_i7_341,CGATTCGG,WGS_i5_1,CGTTGGTT
139_030_1_1,WGS_i7_341,CGATTCGG,WGS_i5_68,CTAGAATT
144_031_1_3,WGS_i7_341,CGATTCGG,WGS_i5_123,TCGGTTCT
149_032_3_3,WGS_i7_341,CGATTCGG,WGS_i5_304,GCATTCGG
546_159_3_1_d3,WGS_i7_341,CGATTCGG,WGS_i5_334,AAGGCAGG
601_170_1_1,WGS_i7_341,CGATTCGG,WGS_i5_537,TACCATCC
748_221_5_3,WGS_i7_341,CGATTCGG,WGS_i5_549,AGTACGCC
618_171_2_2,WGS_i7_341,CGATTCGG,WGS_i5_650,GGAATCGA
274_056_5_2,WGS_i7_435,GAAGAACG,WGS_i5_1,CGTTGGTT
279_058_1_1,WGS_i7_435,GAAGAACG,WGS_i5_68,CTAGAATT
285_059_1_2,WGS_i7_435,GAAGAACG,WGS_i5_123,TCGGTTCT
290_060_3_1,WGS_i7_435,GAAGAACG,WGS_i5_304,GCATTCGG
630_172_3_1,WGS_i7_435,GAAGAACG,WGS_i5_334,AAGGCAGG
650_173_5_1,WGS_i7_435,GAAGAACG,WGS_i5_537,TACCATCC
BLANK6,WGS_i7_435,GAAGAACG,WGS_i5_549,AGTACGCC
706_201_5_2b,WGS_i7_435,GAAGAACG,WGS_i5_650,GGAATCGA
712_203_1_3,WGS_i7_574,GTCTCGTT,WGS_i5_1,CGTTGGTT
717_204_1_4,WGS_i7_574,GTCTCGTT,WGS_i5_68,CTAGAATT
722_205_3_3,WGS_i7_574,GTCTCGTT,WGS_i5_123,TCGGTTCT
755_223_3_2,WGS_i7_574,GTCTCGTT,WGS_i5_304,GCATTCGG
226_044_5_2,WGS_i7_574,GTCTCGTT,WGS_i5_334,AAGGCAGG
239_046_1_2,WGS_i7_574,GTCTCGTT,WGS_i5_537,TACCATCC
182_039_3_1_d4,WGS_i7_574,GTCTCGTT,WGS_i5_549,AGTACGCC
760_224_3_3,WGS_i7_574,GTCTCGTT,WGS_i5_650,GGAATCGA
764_225_5_3,WGS_i7_579,GTTAGCGG,WGS_i5_1,CGTTGGTT
767_226_3_2,WGS_i7_579,GTTAGCGG,WGS_i5_68,CTAGAATT
727_206_5_4,WGS_i7_579,GTTAGCGG,WGS_i5_123,TCGGTTCT
732_208_1_1,WGS_i7_579,GTTAGCGG,WGS_i5_304,GCATTCGG
737_209_1_3,WGS_i7_579,GTTAGCGG,WGS_i5_334,AAGGCAGG
742_210_3_4,WGS_i7_579,GTTAGCGG,WGS_i5_537,TACCATCC
770_227_1_4,WGS_i7_579,GTTAGCGG,WGS_i5_549,AGTACGCC
BLANK7,WGS_i7_579,GTTAGCGG,WGS_i5_650,GGAATCGA
666_175_1_1,WGS_i7_586,GTTGGAAT,WGS_i5_1,CGTTGGTT
682_176_2_1,WGS_i7_586,GTTGGAAT,WGS_i5_68,CTAGAATT
317_066_5_1,WGS_i7_586,GTTGGAAT,WGS_i5_123,TCGGTTCT
322_069_1_3,WGS_i7_586,GTTGGAAT,WGS_i5_304,GCATTCGG
327_070_1_2,WGS_i7_586,GTTGGAAT,WGS_i5_334,AAGGCAGG
332_071_3_4,WGS_i7_586,GTTGGAAT,WGS_i5_537,TACCATCC
498_119_3_1,WGS_i7_586,GTTGGAAT,WGS_i5_549,AGTACGCC
365_079_3_3,WGS_i7_586,GTTGGAAT,WGS_i5_650,GGAATCGA
358_077_5_3,WGS_i7_673,TGCGTATC,WGS_i5_1,CGTTGGTT
363_079_1_1,WGS_i7_673,TGCGTATC,WGS_i5_68,CTAGAATT
440_114_5_1,WGS_i7_673,TGCGTATC,WGS_i5_123,TCGGTTCT
454_116_1_1,WGS_i7_673,TGCGTATC,WGS_i5_304,GCATTCGG
468_117_2_1,WGS_i7_673,TGCGTATC,WGS_i5_334,AAGGCAGG
484_118_3_4,WGS_i7_673,TGCGTATC,WGS_i5_537,TACCATCC
527_125_5_3,WGS_i7_673,TGCGTATC,WGS_i5_549,AGTACGCC
780_229_3_4,WGS_i7_673,TGCGTATC,WGS_i5_650,GGAATCGA
532_127_1_2,WGS_i7_744,TTGCTTGC,WGS_i5_1,CGTTGGTT
537_128_1_4,WGS_i7_744,TTGCTTGC,WGS_i5_68,CTAGAATT
558_162_3_2,WGS_i7_744,TTGCTTGC,WGS_i5_123,TCGGTTCT
563_164_5_2,WGS_i7_744,TTGCTTGC,WGS_i5_304,GCATTCGG
568_166_1_2,WGS_i7_744,TTGCTTGC,WGS_i5_334,AAGGCAGG
573_167_1_2,WGS_i7_744,TTGCTTGC,WGS_i5_537,TACCATCC
698_177_3_2,WGS_i7_744,TTGCTTGC,WGS_i5_549,AGTACGCC
784_230_3_2,WGS_i7_744,TTGCTTGC,WGS_i5_650,GGAATCGA
019_012_3_1,WGS_I7_2,AACCAGGT,WGS_i5_1,CGTTGGTT
036_013_5_3,WGS_I7_2,AACCAGGT,WGS_i5_68,CTAGAATT
050_015_1_1,WGS_I7_2,AACCAGGT,WGS_i5_123,TCGGTTCT
115_022_1_2,WGS_I7_2,AACCAGGT,WGS_i5_304,GCATTCGG
120_024_1_4,WGS_I7_2,AACCAGGT,WGS_i5_334,AAGGCAGG
125_025_3_1,WGS_I7_2,AACCAGGT,WGS_i5_537,TACCATCC
130_026_5_4,WGS_I7_2,AACCAGGT,WGS_i5_549,AGTACGCC
163_034_1_2,WGS_I7_2,AACCAGGT,WGS_i5_650,GGAATCGA
178_039_2_1,WGS_I7_19,AAGAACCG,WGS_i5_1,CGTTGGTT
195_040_3_2,WGS_I7_19,AAGAACCG,WGS_i5_68,CTAGAATT
214_042_5_1,WGS_I7_19,AAGAACCG,WGS_i5_123,TCGGTTCT
255_052_1_1,WGS_I7_19,AAGAACCG,WGS_i5_304,GCATTCGG
260_053_1_2,WGS_I7_19,AAGAACCG,WGS_i5_334,AAGGCAGG
265_054_3_4,WGS_I7_19,AAGAACCG,WGS_i5_537,TACCATCC
270_055_5_2,WGS_I7_19,AAGAACCG,WGS_i5_549,AGTACGCC
297_062_1_2,WGS_I7_19,AAGAACCG,WGS_i5_650,GGAATCGA
302_063_1_4,WGS_I7_20,AAGACCGC,WGS_i5_1,CGTTGGTT
307_064_3_1,WGS_I7_20,AAGACCGC,WGS_i5_68,CTAGAATT
312_065_5_3,WGS_I7_20,AAGACCGC,WGS_i5_123,TCGGTTCT
686_176_3_3_d2,WGS_I7_20,AAGACCGC,WGS_i5_304,GCATTCGG
339_073_1_4,WGS_I7_20,AAGACCGC,WGS_i5_334,AAGGCAGG
344_074_1_4,WGS_I7_20,AAGACCGC,WGS_i5_537,TACCATCC
349_075_3_4,WGS_I7_20,AAGACCGC,WGS_i5_549,AGTACGCC
354_076_5_4,WGS_I7_20,AAGACCGC,WGS_i5_650,GGAATCGA
379_110_1_3,WGS_I7_309,CCTAGATA,WGS_i5_1,CGTTGGTT
391_111_2_1,WGS_I7_309,CCTAGATA,WGS_i5_68,CTAGAATT
408_112_3_1,WGS_I7_309,CCTAGATA,WGS_i5_123,TCGGTTCT
424_113_5_1,WGS_I7_309,CCTAGATA,WGS_i5_304,GCATTCGG
064_016_2_1,WGS_I7_309,CCTAGATA,WGS_i5_334,AAGGCAGG
078_017_3_1,WGS_I7_309,CCTAGATA,WGS_i5_537,TACCATCC
097_018_5_1,WGS_I7_309,CCTAGATA,WGS_i5_549,AGTACGCC
686_176_3_3_d3,WGS_I7_309,CCTAGATA,WGS_i5_650,GGAATCGA
508_121_1_1,WGS_I7_381,CGTTCCAT,WGS_i5_1,CGTTGGTT
513_122_1_3,WGS_I7_381,CGTTCCAT,WGS_i5_68,CTAGAATT
518_123_3_1,WGS_I7_381,CGTTCCAT,WGS_i5_123,TCGGTTCT
523_124_5_3,WGS_I7_381,CGTTCCAT,WGS_i5_304,GCATTCGG
544_159_1_1,WGS_I7_381,CGTTCCAT,WGS_i5_334,AAGGCAGG
549_160_1_3,WGS_I7_381,CGTTCCAT,WGS_i5_537,TACCATCC
182_039_3_1_d2,WGS_I7_381,CGTTCCAT,WGS_i5_549,AGTACGCC
554_161_3_1,WGS_I7_381,CGTTCCAT,WGS_i5_650,GGAATCGA
135_029_1_1,WGS_I7_423,CTGGTTCG,WGS_i5_1,CGTTGGTT
140_030_1_3,WGS_I7_423,CTGGTTCG,WGS_i5_68,CTAGAATT
145_031_3_3,WGS_I7_423,CTGGTTCG,WGS_i5_123,TCGGTTCT
150_032_5_2,WGS_I7_423,CTGGTTCG,WGS_i5_304,GCATTCGG
589_169_1_2,WGS_I7_423,CTGGTTCG,WGS_i5_334,AAGGCAGG
603_170_2_1,WGS_I7_423,CTGGTTCG,WGS_i5_537,TACCATCC
BLANK8,WGS_I7_423,CTGGTTCG,WGS_i5_549,AGTACGCC
621_171_3_1,WGS_I7_423,CTGGTTCG,WGS_i5_650,GGAATCGA
275_057_1_1,WGS_I7_533,GGATTACC,WGS_i5_1,CGTTGGTT
280_058_1_4,WGS_I7_533,GGATTACC,WGS_i5_68,CTAGAATT
286_059_3_2,WGS_I7_533,GGATTACC,WGS_i5_123,TCGGTTCT
291_060_5_3,WGS_I7_533,GGATTACC,WGS_i5_304,GCATTCGG
638_172_5_3,WGS_I7_533,GGATTACC,WGS_i5_334,AAGGCAGG
652_174_1_1,WGS_I7_533,GGATTACC,WGS_i5_537,TACCATCC
575_167_5_3,WGS_I7_533,GGATTACC,WGS_i5_549,AGTACGCC
707_202_1_3,WGS_I7_533,GGATTACC,WGS_i5_650,GGAATCGA
713_203_1_4,WGS_I7_546,GGTATCTA,WGS_i5_1,CGTTGGTT
718_204_3_1,WGS_I7_546,GGTATCTA,WGS_i5_68,CTAGAATT
723_205_5_2b,WGS_I7_546,GGTATCTA,WGS_i5_123,TCGGTTCT
756_223_5_4,WGS_I7_546,GGTATCTA,WGS_i5_304,GCATTCGG
227_045_1_2,WGS_I7_546,GGTATCTA,WGS_i5_334,AAGGCAGG
240_046_2_1,WGS_I7_546,GGTATCTA,WGS_i5_537,TACCATCC
042_014_3_1_d4,WGS_I7_546,GGTATCTA,WGS_i5_549,AGTACGCC
BLANK9,WGS_I7_546,GGTATCTA,WGS_i5_650,GGAATCGA
765_226_1_1,WGS_I7_571,GTCGCTAG,WGS_i5_1,CGTTGGTT
768_226_5_3,WGS_I7_571,GTCGCTAG,WGS_i5_68,CTAGAATT
728_207_1_3,WGS_I7_571,GTCGCTAG,WGS_i5_123,TCGGTTCT
733_208_1_3,WGS_I7_571,GTCGCTAG,WGS_i5_304,GCATTCGG
738_209_3_2,WGS_I7_571,GTCGCTAG,WGS_i5_334,AAGGCAGG
743_210_5_1,WGS_I7_571,GTCGCTAG,WGS_i5_537,TACCATCC
771_227_3_3,WGS_I7_571,GTCGCTAG,WGS_i5_549,AGTACGCC
776_228_3_1,WGS_I7_571,GTCGCTAG,WGS_i5_650,GGAATCGA
668_175_2_1,WGS_I7_627,TCAGAGAT,WGS_i5_1,CGTTGGTT
686_176_3_3_d4,WGS_I7_627,TCAGAGAT,WGS_i5_68,CTAGAATT
318_068_1_1,WGS_I7_627,TCAGAGAT,WGS_i5_123,TCGGTTCT
323_069_1_4,WGS_I7_627,TCAGAGAT,WGS_i5_304,GCATTCGG
328_070_3_1,WGS_I7_627,TCAGAGAT,WGS_i5_334,AAGGCAGG
333_071_5_2,WGS_I7_627,TCAGAGAT,WGS_i5_537,TACCATCC
503_119_5_4,WGS_I7_627,TCAGAGAT,WGS_i5_549,AGTACGCC
366_079_5_2,WGS_I7_627,TCAGAGAT,WGS_i5_650,GGAATCGA
359_078_1_2,WGS_I7_652,TCTATGGA,WGS_i5_1,CGTTGGTT
364_079_1_3,WGS_I7_652,TCTATGGA,WGS_i5_68,CTAGAATT
442_115_1_1,WGS_I7_652,TCTATGGA,WGS_i5_123,TCGGTTCT
456_116_2_1,WGS_I7_652,TCTATGGA,WGS_i5_304,GCATTCGG
472_117_3_1,WGS_I7_652,TCTATGGA,WGS_i5_334,AAGGCAGG
488_118_5_1,WGS_I7_652,TCTATGGA,WGS_i5_537,TACCATCC
528_126_1_1,WGS_I7_652,TCTATGGA,WGS_i5_549,AGTACGCC
781_229_5_2,WGS_I7_652,TCTATGGA,WGS_i5_650,GGAATCGA
533_127_1_3,WGS_I7_666,TGAGGTTC,WGS_i5_1,CGTTGGTT
538_128_3_1,WGS_I7_666,TGAGGTTC,WGS_i5_68,CTAGAATT
559_162_5_2,WGS_I7_666,TGAGGTTC,WGS_i5_123,TCGGTTCT
564_165_1_1,WGS_I7_666,TGAGGTTC,WGS_i5_304,GCATTCGG
569_166_1_4,WGS_I7_666,TGAGGTTC,WGS_i5_334,AAGGCAGG
574_167_3_2,WGS_I7_666,TGAGGTTC,WGS_i5_537,TACCATCC
701_177_5_4,WGS_I7_666,TGAGGTTC,WGS_i5_549,AGTACGCC
785_230_5_1b,WGS_I7_666,TGAGGTTC,WGS_i5_650,GGAATCGA
