sample_id	accession_id	CurrentName	plate	well	has_seed	RowTree	Voucher	Provenance	RowNum	YearPlanted	TreeNum	DNNumber	FieldComments	Date	FieldDetermination	Location	Description	Latitude	Longitude	Genus	Subgenus	Section	Series	Subseries	Species	Subspecies
EmelCSIRO-rep1	EmelCSIRO		CC01	B01	Yes																					
CCA0137	CCA0137	Eucalyptus bicostata	CC01	C01	Yes	R013/T38	DN 468	Otway Ranges, Vic	13	1994	38	468		1993-07-15	Eucalyptus bicostata	Otway Ranges, east or Deanes Marsh, Vic.	Tree 18m tall, others to 30m. Bark smooth olive or grey over white. Leaves glossy, dark green, buds glaucous.	-38.4166666666667	143.933333333333	Eucalyptus	Symphyomyrtus	Maidenaria	Globulares	Euglobulares	bicostata	""
CCA0164	CCA0164	Eucalyptus brunnea	CC01	D01	No	R014/T39	DN 669	Wallangarra, Qld	14	1994	39	669		1993-12-05	Eucalyptus brunnea	Girraween National Park, Qld.	Tree 25m tall. Bark smooth grey over white. Leaves discolourous, glossy dark green. Growing in creek with E. andrewsii. Warwick.	-28.8825	151.965833333333	Eucalyptus	Symphyomyrtus	Maidenaria	'Deaneanae' ms	""	brunnea	""
CCA0465	CCA0465	Eucalyptus polybractea	CC01	E01	Yes	R028/T25	-	Narinna Pound, SA	28	1993	25									Eucalyptus	Symphyomyrtus	Adnataria	Subbuxeales	""	polybractea	""
CCA0218	CCA0218	Eucalyptus stellulata	CC01	F01	Yes	R016/T44	DN 582	Omeo, Vic	16	1994	44	582		1993-11-28	Eucalyptus stellulata	Vic.	Small tree 9m tall. Bark rough and thick, dark grey for about 3m then smooth grey and olive. Leaves glossy dark green. Growing on swampy hillside with E. pauciflora. Bairnsdale.	-37.0130555555556	147.569166666667	Eucalyptus	Eucalyptus	Eucalyptus	Longitudinales	""	stellulata	""
CCA0466	CCA0466	Eucalyptus polybractea	CC01	G01	No	R028/T26	-	Narinna Pound, SA	28	1993	26									Eucalyptus	Symphyomyrtus	Adnataria	Subbuxeales	""	polybractea	""
CCA0525	CCA0525	Eucalyptus porosa	CC01	H01	Yes	R040/T12	DN 482	Mt Wudinna, SA	40	1994	12	482		1993-09-25	Eucalyptus porosa	West side of base of Mt. Wudinna, South Australia	Large mallee 6 metres tall. Bark rough, thick dark grey over grey. Leaves glossy green, intramarginal vein well in from leaf edge. Glands moderately dense. Growing in pure stand with Dodonaea  understory. Flowers white.	-32.9858333333333	135.546944444444	Eucalyptus	Symphyomyrtus	Adnataria	Melliodorae	""	porosa	""
CCA0572	CCA0572	Eucalyptus sparsa	CC01	A02	No	R042/T08	DN 427	Everard Ranges, SA	42	1994	8	427		1993-05-15	Eucalyptus sparsa	200 m west of Ronalds Well, Everard Ranges, South Australia.	Large mallee 5 m tall. Rough bark for 2 m, then smooth above. Leaves very glossy, green. Growing on sandplain.	-27.0094444444444	132.515555555556	Eucalyptus	Symphyomyrtus	Adnataria	Buxeales	Subplatyphyllae	sparsa	""
CCA0650	CCA0650	Eucalyptus intertexta	CC01	B02	No	R045/T13	DN 423	Everard Ranges, SA	45	1994	13	423		1993-05-15	Eucalyptus intertexta (diminuta)	Base of Mount Barnett, Everard Ranges, SA	Mallee 2m tall. Bark smooth throughout, various shades of white and grey. Leaves dull, grey. Branchlets and fruit glaucous. Growing on granite with E. oxymitra.	-27.0388888888889	132.548611111111	Eucalyptus	Symphyomyrtus	Adnataria	Buxeales	Subplatyphyllae	intertexta	""
CCA0672	CCA0672	Eucalyptus polyanthemos subsp. polyanthemos	CC01	C02	Yes	R046/T36	DN 742	Rylstone, NSW	46	1994	36	742		1993-12-28	Eucalyptus polyanthemos subsp. polyanthemos	NSW	Tree 8m tall. Bark ± smooth, ribbony at base, light grey over cream. Leaves dull blue green. Growing with E. melliodora, E. machrorhyncha, E. amplifolia and E. viminalis. Singleton.	-32.6936111111111	150.002777777778	Eucalyptus	Symphyomyrtus	Adnataria	Heterophloiae	""	polyanthemos	polyanthemos
CCA0677	CCA0677	Eucalyptus conica	CC01	D02	Yes	R047/T05	DN 747	Bylong, NSW	47	1994	5	747		1993-12-28	Eucalyptus conica	NSW	Tree 8m tall. Bark rough, box-type, grey. Leaves dull blue green. Growing in pure stands in undulating area. Singleton.	-32.4038888888889	150.222222222222	Eucalyptus	Symphyomyrtus	Adnataria	Heterophloiae	""	conica	""
CCA0681	CCA0681	Eucalyptus bridgesiana	CC01	E02	No	R047/T13	DN 760	Liverpool Range, NSW	47	1994	13	760		1993-12-28	Eucalyptus volcanica	NSW	Spreading tree 10x15m. Bark rough box-type, dark grey to small branches, then smooth white. Leaves glossy green. E. laevopina nearby. Gilgandra.	-31.7447222222222	149.952777777778	Eucalyptus	Symphyomyrtus	Maidenaria	Bridgesianae	""	bridgesiana	""
CCA0684	CCA0684	Eucalyptus macrorhyncha subsp. macrorhyncha	CC01	F02	No	R047/T16	DN 737	Grenfell, NSW	47	1994	16	737		1993-12-27	Eucalyptus macrorhyncha subsp. macrorhyncha	NSW	Tree 8m tall. Bark rough, stringy, grey brown over red brown. Leaves slightly glossy green. Growing on rise with E. polyanthermes, E. dealbata, E. microcarpa and E. albens. Forbes.	-33.9227777777778	148.413611111111	Eucalyptus	Eucalyptus	Eucalyptus	Pachyphloiae	""	macrorhyncha	macrorhyncha
CCA0687	CCA0687	Eucalyptus dawsonii	CC01	G02	Yes	R047/T19	DN 743	Ginghi, NSW	47	1994	19	743		1993-12-28	Eucalyptus dawsonii	NSW	Tree 18m tall. Bark smooth grey and pink over white. Leaves dull grey green. Buds and twigs glaucous. Growing on hillside with E. blakelyi. Singleton.	-32.6086111111111	150.074722222222	Eucalyptus	Symphyomyrtus	Adnataria	Buxeales	Amissae	dawsonii	""
CCA0691	CCA0691	Eucalyptus largiflorens	CC01	H02	No	R047/T23	-	Loxton, SA	47	1994	23									Eucalyptus	Symphyomyrtus	Adnataria	Buxeales	Subplatyphyllae	largiflorens	""
CCA0704-rep1	CCA0704	Eucalyptus melliodora	CC01	A03	Yes	R048/T13	DN 777	Rylstone, NSW	48	1994	13	777		1993-12-29	Eucalyptus melliodora	NSW	Tree 15m tall. Bark rough and variably patchy, yellow brown over cream. Leaves dull blue green. Growing with E. blakelyi on undulating area. Dubbo.	-32.7122222222222	149.966111111111	Eucalyptus	Symphyomyrtus	Adnataria	Melliodorae	""	melliodora	""
CCA0704-rep2	CCA0704	Eucalyptus melliodora	CC01	B03	Yes	R048/T13	DN 777	Rylstone, NSW	48	1994	13	777		1993-12-29	Eucalyptus melliodora	NSW	Tree 15m tall. Bark rough and variably patchy, yellow brown over cream. Leaves dull blue green. Growing with E. blakelyi on undulating area. Dubbo.	-32.7122222222222	149.966111111111	Eucalyptus	Symphyomyrtus	Adnataria	Melliodorae	""	melliodora	""
CCA0705	CCA0705	Eucalyptus melliodora	CC01	C03	No	R048/T14	DN 777	Rylstone, NSW	48	1994	14	777		1993-12-29	Eucalyptus melliodora	NSW	Tree 15m tall. Bark rough and variably patchy, yellow brown over cream. Leaves dull blue green. Growing with E. blakelyi on undulating area. Dubbo.	-32.7122222222222	149.966111111111	Eucalyptus	Symphyomyrtus	Adnataria	Melliodorae	""	melliodora	""
CCA0706	CCA0706	Eucalyptus melliodora	CC01	D03	Yes	R048/T15	DN 777	Rylstone, NSW	48	1994	15	777		1993-12-29	Eucalyptus melliodora	NSW	Tree 15m tall. Bark rough and variably patchy, yellow brown over cream. Leaves dull blue green. Growing with E. blakelyi on undulating area. Dubbo.	-32.7122222222222	149.966111111111	Eucalyptus	Symphyomyrtus	Adnataria	Melliodorae	""	melliodora	""
CCA0708	CCA0708	Eucalyptus caleyi subsp. caleyi	CC01	E03	No	R048/T17	DN 746	Bylong, NSW	48	1994	17	746		1993-12-28	Eucalyptus caleyi subsp. caleyi	NSW	Tree 10m tall. Bark rough, ironbark, almost black. Leaves dull, grey, glaucous. Buds, twigs, leaves and immature fruit glaucous. Growing with E. albens. Singleton.	-32.4036111111111	150.228055555556	Eucalyptus	Symphyomyrtus	Adnataria	Siderophloiae	""	caleyi	caleyi
CCA0724	CCA0724	Eucalyptus polyanthemos subsp. marginalis	CC01	F03	Yes	R048/T33	DN 457	Avoca, Vic	48	1994	33	457		1993-07-14	Eucalyptus polyanthemos subsp. vestita	16.5km from Avoca towards Maryborough, Vic	Small tree 8m tall. Bark rough throughout, grey. Leaves dull, grey at first, becoming blue green. Branchlets slightly pruinose. Growing on rise in open forest with E. tricarpa and E. microcarpa.	-37.0833333333333	143.616666666667	Eucalyptus	Symphyomyrtus	Adnataria	Heterophloiae	""	polyanthemos	marginalis
CCA0728	CCA0728	Eucalyptus viridis	CC01	G03	Yes	R049/T01	DN 729	Hermidale, NSW	49	1994	1	729		1993-12-10	Eucalyptus viridis	NSW	Mallee 6m tall. Bark rough, dark grey for 1m then smooth tan over cream. Leaves glossy green. Growing on rise with E. populnea ssp. bimbil nearby. Cobar.	-31.5602777777778	146.509166666667	Eucalyptus	Symphyomyrtus	Adnataria	Subbuxeales	""	viridis	""
CCA0733	CCA0733	Eucalyptus woollsiana	CC01	H03	No	R049/T06	DN 681	Kogan, Qld	49	1994	6	681		1993-12-06	Eucalyptus pilligaensis	Qld.	Narrow tree 12m tall. Bark rough, thin for about 6m, dark grey then smooth cream. Leaves glossy green. Growing in dense stands with E. crebra on flat, slight rise. Dalby.	-27.1511111111111	150.65861111111099	Eucalyptus	Symphyomyrtus	Adnataria	Subbuxeales	""	woollsiana	""
CCA0743	CCA0743	Eucalyptus melanophloia subsp. melanophloia	CC01	A04	Yes	R049/T17	DN 690	Wandoan, Qld	49	1994	17	690		1993-12-06	Eucalyptus melanophloia subsp. melanophloia	Qld.	Tree 10m tall. Bark rough, deeply furrowed ironbark, almost black. Leaves, buds, twigs and fruit glaucous. Growing with E. tessellaris and E. tereticornis. Chinchilla.	-26.2672222222222	150.048055555556	Eucalyptus	Symphyomyrtus	Adnataria	Siderophloiae	""	melanophloia	melanophloia
CCA0754	CCA0754	Eucalyptus nicholii	CC01	B04	Yes	R049/T31	DN 651	Hillgrove, NSW	49	1994	31	651		1993-12-04	Eucalyptus nicholii	NSW	Densely crowned tree 7m tall. Bark rough, thick grey-brown. Leaves dull blue-green. Growing with E. mollucanna and DN 652. Dorrigo.	-30.5330555555556	151.824166666667	Eucalyptus	Symphyomyrtus	Maidenaria	Viminales	Lanceolatae	nicholii	""
CCA0716	CCA0716	Eucalyptus dwyeri	CC01	B04	No	R048/T25	DN 751	Wollar, NSW	48	1994	25	751		1993-12-28	Eucalyptus dwyeri	Near Wollar, New South Wales.	Mallee 4 m tall. Bark smooth, grey over light grey. Leaves slightly glossy olive green. Growing on sandy ridge with Corymbia trachyphloia and Eucalyptus fibrosa. (E. agglomerata  nearby.) Singleton Map.	-32.3019444444444	150.047222222222	Eucalyptus	Symphyomyrtus	Exsertaria	Exsertae	Erythroxyla	dwyeri	""
CCA0751	CCA0751	Eucalyptus moluccana	CC01	C04	No	R049/T25	DN 712	Gladstone, Qld	49	1994	25	712		1993-12-08	Eucalyptus moluccana	Qld.	Tree 15m tall. Bark rough box-type, dark grey brown for about 6m then smooth grey over light grey. Leaves glossy dark green. Growing on ridge with E. crebra.	-23.8011111111111	150.953333333333	Eucalyptus	Symphyomyrtus	Adnataria	Subbuxeales	""	moluccana	""
CCA0755	CCA0755	Eucalyptus goniocalyx subsp. exposa	CC01	D04	No	R049/T32	DN 565	Mt Aleck, SA	49	1994	32	565		1993-11-13	Eucalyptus goniocalyx subsp. exposa	Mt. Aleck, 100m north of summit, SA	Mallee 3m tall. Bark smooth dark grey over cream. Leaves glossy light green. Twigs ± not glaucous. Dominant and only Eucalypt.			Eucalyptus	Symphyomyrtus	Maidenaria	Globulares	'Clivosae' ms	goniocalyx	exposa
CCA0768	CCA0768	Eucalyptus fibrosa	CC01	E04	Yes	R050/T13	DN 666	Baryulgil, NSW	50	1994	13	666		1993-12-05	Eucalyptus fibrosa	NSW	Tree 20m tall. Bark rough ironbark, dark grey. Leaves dull blue-green. Buds on ground with conical operculum longer than hypanthium. Growing in small stand on low rise. Grafton.	-29.3022222222222	152.644722222222	Eucalyptus	Symphyomyrtus	Adnataria	Siderophloiae	""	fibrosa	""
CCA0790	CCA0790	Eucalyptus sparsifolia	CC01	F04	No	R051/T09	DN 629	Faulconbridge, NSW	51	1994	9	629		1993-12-02	Eucalyptus sparsifolia	NSW	Tree 7m tall. Bark rough, thick   and fibrous, dark grey over red-brown. Leaves glossy dark green. Growing on low hill with E. gummifera. Sydney.	-33.6736111111111	150.548333333333	Eucalyptus	Eucalyptus	Eucalyptus	Pachyphloiae	""	sparsifolia	""
CCA0807	CCA0807	Eucalyptus sideroxylon	CC01	G04	No	R052/T09	DN 674	Wallangarra, Qld	52	1994	9	674		1993-12-05	Eucalyptus sideroxylon subsp. sideroxylon	Qld.	Tree 10m tall. Bark rough, thick ironbark, black over red-brown. Leaves dull blue-green. Growing in small pure stand. Warwick.	-28.9008333333333	151.907777777778	Eucalyptus	Symphyomyrtus	Adnataria	Melliodorae	""	sideroxylon	""
CCA0808	CCA0808	Eucalyptus sideroxylon	CC01	H04	No	R052/T10	DN 674	Wallangarra, Qld	52	1994	10	674		1993-12-05	Eucalyptus sideroxylon subsp. sideroxylon	Qld.	Tree 10m tall. Bark rough, thick ironbark, black over red-brown. Leaves dull blue-green. Growing in small pure stand. Warwick.	-28.9008333333333	151.907777777778	Eucalyptus	Symphyomyrtus	Adnataria	Melliodorae	""	sideroxylon	""
CCA0819	CCA0819	Eucalyptus lansdowneana	CC01	A05	Yes	R052/T33	DN 57	Scrubby Peak, SA	52	1994	33	57			Eucalyptus lansdowneana	Scrubby Peak, Gawler Ranges, South Australia	Scraggly whipstick mallee to 4 metres tall.  Growing in wetter areas with Dodonea spp.	-32.5833333333333	135.25	Eucalyptus	Symphyomyrtus	Adnataria	Lucasianae	""	lansdowneana	""
CCA0848	CCA0848	Eucalyptus panda	CC01	B05	Yes	R053/T33	DN 683	Tara, Qld	53	1994	33	683		1993-12-06	Eucalyptus panda	Qld.	Small tree 8m tall, others to 15m tall. Bark rough, ironbark, almost black. Leaves dull bluish green. Growing in dense mulga scrub. Dalby.	-27.1325	150.483333333333	Eucalyptus	Symphyomyrtus	Adnataria	Siderophloiae	""	panda	""
CCA0920	CCA0920	Eucalyptus nobilis	CC01	C05	No	R057/T33	DN 753	Liverpool Range, NSW	57	1994	33	753		1993-12-28	Eucalyptus nobilis	NSW	Tree 40m tall. Bark smooth cream over white. Leaves glossy green. Growing in creek with E. laevopinea, E. bridgesiana and E. melliodora.  Tamworth.	-31.8611111111111	150.166388888889	Eucalyptus	Symphyomyrtus	Maidenaria	Viminales	Lanceolatae	nobilis	""
CCA0931	CCA0931	Eucalyptus mannifera subsp. 'Alpine Victoria'	CC01	D05	No	R058/T16	DN 581	Omeo, Vic	58	1994	16	581		1993-11-28	Eucalyptus mannifera	Vic.	Tree 10m tall. Bark powdery light grey over white. Leaves dull bluish green. Growing on rocky north facing slope with E. dives.	-36.9605555555556	147.479444444444							
CCA0933	CCA0933	Eucalyptus pauciflora subsp. pauciflora	CC01	E05	No	R058/T25	DN 476	Snow Gum Res., SA	58	1994	25	476		1993-08-08	Eucalyptus pauciflora subsp. pauciflora	Snow Gum Reserve - central track, SA	Tree 12m tall. Bark mostly smooth, grey over white. Some ribbony bark at base. Leaves glossy green. Venation parallel, glands numerous. Growing in forest with E. cygnetensis and A. melanoxylon. Seed of another tree.	-37.9166666666667	140.9	Eucalyptus	Eucalyptus	Eucalyptus	Pauciflorae	""	pauciflora	pauciflora
CCA0941	CCA0941	Eucalyptus populnea subsp. populnea	CC01	F05	Yes	R059/T13	DN 679	Kogan, Qld	59	1994	13	679		1993-12-06	Eucalyptus populnea subsp. populnea	Tara Kogan Road, south-west of Kogan, Queensland.	Tree 8 metres tall. Bark rough, subfibrous, dark grey. Leaves very glossy, light green. Growing in flat area with Eucalyptus crebra. Dalby Map. AD	-27.1166666666667	150.693333333333	Eucalyptus	Symphyomyrtus	Adnataria	Buxeales	Subplatyphyllae	populnea	populnea
CCA0951	CCA0951	Eucalyptus rossii	CC01	G05	Yes	R060/T09	DN 725	Narrabri, NSW	60	1994	9	725		1993-12-10	Eucalyptus rossii	NSW	Tree 10m tall. Bark slightly powdery, with some scribbles, pinkish grey over white. Growing on rise with E. sideroxylon and E. DN726. Narrabri.	-30.8247222222222	149.471388888889	Eucalyptus	Eucalyptus	Eucalyptus	Psathyroxyla	Haemastomae	rossii	""
CCA0971	CCA0971	Eucalyptus fusiformis	CC01	H05	Yes	R061/T14	DN 645	Macksville, NSW	61	1994	14	645		1993-12-04	Eucalyptus fusiformis	NSW	Tree 25m tall. Bark rough, deeply furrowed, dark red-grey. Leaves dull, light green. No buds present. Growing on ridge with E. maculata, E. pilularis and E. microcorys. Dorrigo.	-30.9025	152.853333333333	Eucalyptus	Symphyomyrtus	Adnataria	Rhodoxyla	Concolores	fusiformis	""
CCA1085	CCA1085	Eucalyptus odorata	CC01	A06	No	R064/T40	DN 936	Boston Island, SA	64	1995	40	936		1994-07-16	Eucalyptus odorata	Middle part of Boston Island off Eyre Peninsula, South Australia.	Tree 4 m tall, of tumbledown habit. Bark rough on trunk. New growth glossy blue green, maturing glossy dark green. On hillside with Acacia sp., Eucalyptus conglobata and E. gracilis.	-34.7166666666667	135.916666666667	Eucalyptus	Symphyomyrtus	Adnataria	Subbuxeales	""	odorata	""
CCA1297	CCA1297	Eucalyptus scoparia	CC01	B06	No	R072/T34	DN 672	Mt Norman, Qld	72	1995	34	672		1993-12-05	Eucalyptus scoparia	Walking track to summit of Mount Norman, Queensland.	Small tree 6 metres tall. Bark smooth, powdery, white and bright red. Leaves glossy dark green. Growing in cracks between granite rocks and Eucalyptus andrewsii and E. prava. Warwick Map. AD	-28.85	151.966666666667	Eucalyptus	Symphyomyrtus	Maidenaria	Viminales	Lanceolatae	scoparia	""
CCA1300	CCA1300	Eucalyptus obliqua	CC01	C06	No	R072/T39	DN 804	Kangaroo Island, SA	72	1995	39	804		1994-04-29	Eucalyptus obliqua		Stunted tree 4m tall. Bark rough and stringy brown-grey. Leaves glossy dark green. Flowers white. Growing in pink-orange sand with E. diversifolia, B. marginata and Ornata, Xanthorea and Allocasuarina. Seed collected.	-35.9811111111111	137.143055555556	Eucalyptus	Eucalyptus	Eucalyptus	Eucalyptus	""	obliqua	""
CCA1377	CCA1377	Eucalyptus ovata subsp. ovata	CC01	D06	Yes	R076/T29	DN 805	Kangaroo Island, SA	76	1995	29	805		1994-04-29	Eucalyptus ovata var. ovata	Cape de Couedic track, Flinders Chase N.P., Kangaroo Island, S.A.	Tree 10 metres tall. Bark rough for 0.5 metres then smooth, brown over grey over white. Leaves dull, green. Growing in sandy low area. Eucalyptus albopurpurea growing nearby. Seed collected.	-35.9680555555556	136.740555555556	Eucalyptus	Symphyomyrtus	Maidenaria	Foveolatae	""	ovata	ovata
CCA3005	CCA3005	Eucalyptus ovata subsp. ovata	CC01	E06	No	R139/T36	DN 1741	Cabbage Tree Creek, Vic	139	1997	36	1741		1996-04-19	Eucalyptus ovata var. ovata	Between Cabbage Tree Creek and Cape Conran, near Orbost, Victoria	Erect whipstick like mallee (or slender tree) 6 metres tall. Bark rough at base otherwise smooth grey over yellow-white. Leaves thick, non undulate, slightly discolourous, glossy, light green above, reticulation moderate, with many mostly island oil glands. In inpeneratable tall heath in swamp between (old dunes?) AD, CANB, NSW Photos	-37.7863888888889	148.731944444444	Eucalyptus	Symphyomyrtus	Maidenaria	Foveolatae	""	ovata	ovata
CCA2917	CCA2917	Eucalyptus cajuputea	CC01	F06	No	R135/T25	DN 1691	Iron Dutchess, SA	135	1997	25	1691		1996-02-16	Eucalyptus odorata var. angustifolia	Iron Duchess, about 500m E of summit, Middleback Ranges, Eyre Peninsula, SA	Mallee 4-5m tall. Bark rough for 1 to 2m, grey-brown then smooth. Leaves blue-green at first maturing glossy, green. On steep SE facing slope with E. oleosa and E. gracilis. AD, CANB, NSW Photos			Eucalyptus	Symphyomyrtus	Adnataria	Subbuxeales	""	cajuputea	""
CCA1505	CCA1505	Eucalyptus melliodora x E. sideroxylon	CC01	G06	Yes	R87/T19	DN 1219	Goolgowi, NSW	87	1996	19	1219	east trunk	1995-04-04	Eucalyptus aff. melliodora	East of Goolgowi, Mid Western Highway, NSW	Multistemmed tree 8m tall. Bark rough throughout, thick, coarsely box-type, grey over red brown. Leaves dull, blue green. On red loam with E. populnea bimbil, E. socialis, E. intertexta and one E. camaldulensis. Photos AD, CANB	-33.9177777777778	145.943055555556							
CCA6869	CCA6869	Eucalyptus melliodora x E. sideroxylon	CC01	H06	Yes	R87/T18	DN 1219	Goolgowi, NSW	87	1996	18	1219	west trunk	1995-04-04	Eucalyptus aff. melliodora	East of Goolgowi, Mid Western Highway, NSW	Multistemmed tree 8m tall. Bark rough throughout, thick, coarsely box-type, grey over red brown. Leaves dull, blue green. On red loam with E. populnea bimbil, E. socialis, E. intertexta and one E. camaldulensis. Photos AD, CANB	-33.9177777777778	145.943055555556							
CCA1504	CCA1504	Eucalyptus melliodora x E. sideroxylon	CC01	A07	No	R87/T18	DN 1219	Goolgowi, NSW	87	1996	18	1219	east trunk, no seed	1995-04-04	Eucalyptus aff. melliodora	East of Goolgowi, Mid Western Highway, NSW	Multistemmed tree 8m tall. Bark rough throughout, thick, coarsely box-type, grey over red brown. Leaves dull, blue green. On red loam with E. populnea bimbil, E. socialis, E. intertexta and one E. camaldulensis. Photos AD, CANB	-33.9177777777778	145.943055555556							
CCA1478	CCA1478	Eucalyptus coolabah	CC01	B07	No	R086/T16	DN 1355	Palmer River, NT	86	1996	16	1355		1995-04-19	Eucalyptus coolabah	Palmer River crossing on Stuart HW, south of Alice Springs, NT	Tree 6m tall. Bark rough on trunk and large branches, brown, then smooth white. Leaves dull, blue green. On floodplain. Photo AD	-24.7361111111111	133.182777777778	Eucalyptus	Symphyomyrtus	Adnataria	Striolatae	""	coolabah	""
CCA1366	CCA1366	Eucalyptus viminalis subsp. cygnetensis	CC01	C07	Yes	R075/T26	DN 941	Port Lincoln 1, SA	75	1995	26	941		1994-07-17	Eucalyptus viminalis subsp. cygnetensis	South-west of Port Lincoln, Eyre peninsula, S.A.	Tumbledown tree to 7 metres tall. Bark rough, chunky and hard, grey-brown to small branches. Leaves glossy, green. Growing on rocky limestone outcrop with Allocasuarina verticillata, Eucalyptus diversifolia and E. albopurpurea. Prints 8, 9	-34.8294444444444	135.688611111111	Eucalyptus	Symphyomyrtus	Maidenaria	Viminales	Lanceolatae	viminalis	cygnetensis
CCA1543	CCA1543	Eucalyptus microcarpa	CC01	D07	No	R088/T35	DN 1220	West Wyalong, NSW	88	1996	35	1220		1995-04-05	Eucalyptus microcarpa	East of West Wyalong, NSW	Tree 10m tall. Bark rough, finely fissured, dark grey and grey to 15cm diameter. Leaves glossy, dark green. Growing on red brown loam with Casuarina lehmaniana. Photos AD	-33.9036111111111	147.301111111111	Eucalyptus	Symphyomyrtus	Adnataria	Subbuxeales	""	microcarpa	""
CCA6871	CCA6871	Eucalyptus melliodora x E. sideroxylon	CC01	E07	No	R87/T21	DN 1219	Goolgowi, NSW	87	1996	21	1219	east trunk	1995-04-04	Eucalyptus aff. melliodora	East of Goolgowi, Mid Western Highway, NSW	Multistemmed tree 8m tall. Bark rough throughout, thick, coarsely box-type, grey over red brown. Leaves dull, blue green. On red loam with E. populnea bimbil, E. socialis, E. intertexta and one E. camaldulensis. Photos AD, CANB	-33.9177777777778	145.943055555556							
CCA1507	CCA1507	Eucalyptus melliodora x E. sideroxylon	CC01	F07	Yes	R87/T21	DN 1219	Goolgowi, NSW	87	1996	21	1219	west trunk	1995-04-04	Eucalyptus aff. melliodora	East of Goolgowi, Mid Western Highway, NSW	Multistemmed tree 8m tall. Bark rough throughout, thick, coarsely box-type, grey over red brown. Leaves dull, blue green. On red loam with E. populnea bimbil, E. socialis, E. intertexta and one E. camaldulensis. Photos AD, CANB	-33.9177777777778	145.943055555556							
CCA6870	CCA6870	Eucalyptus melliodora x E. sideroxylon	CC01	G07	Yes	R87/T19	DN 1219	Goolgowi, NSW	87	1996	19	1219	west trunk	1995-04-04	Eucalyptus aff. melliodora	East of Goolgowi, Mid Western Highway, NSW	Multistemmed tree 8m tall. Bark rough throughout, thick, coarsely box-type, grey over red brown. Leaves dull, blue green. On red loam with E. populnea bimbil, E. socialis, E. intertexta and one E. camaldulensis. Photos AD, CANB	-33.9177777777778	145.943055555556							
CCA2857	CCA2857	Eucalyptus albens	CC01	H07	No	R133/T06	DN 1676	Melrose, SA	133	1997	6	1676		1996-02-15	Eucalyptus albens	South of Melrose, southern Flinders Ranges, SA	Tree 12m tall. Bark rough, finely fissured, light grey. Leaves dull, glaucous to grey-green. Some maturing green. Twigs and buds glaucous. In creek with E. microcarpa and E. camaldulensis nearby. Photos AD, CANB	-32.9175	138.158888888889	Eucalyptus	Symphyomyrtus	Adnataria	Subbuxeales	""	albens	""
CCA1680	CCA1680	Eucalyptus dunnii	CC01	A08	No	R094/T31	DN 1257	Legume, NSW	94	1996	31	1257		1995-04-08	Eucalyptus dunnii	Near Legume, NSW	Tree 20m tall. Bark rough, dark grey brown for 2m then smooth light grey and cream. Leaves glossy, dark green. Growing beside creek with large E. melliodora.  Buds slightly glaucous. Photo AD	-28.3911111111111	152.307777777778	Eucalyptus	Symphyomyrtus	Maidenaria	Bridgesianae	""	dunnii	""
CCA1657	CCA1657	Eucalyptus granitica	CC01	B08	Yes	R094/T01	DN 1305	Herberton, Qld	94	1996	1	1305		1995-04-13	Eucalyptus granitica	Between Herberton and Irvinebank, QLD	Tree 8m tall. Bark rough, deeply furrowed, dark grey. Leaves ± concolourous, glossy, green. On hillside with E. citriodora, E. cloeziana and E. shirleyi. Photo AD	-17.3872222222222	145.34611111111099	Eucalyptus	Symphyomyrtus	Adnataria	Siderophloiae	""	granitica	""
CCA1506	CCA1506	Eucalyptus melliodora x E. sideroxylon	CC01	C08	Yes	R087/T20	DN 1219	Goolgowi, NSW	87	1996	20	1219		1995-04-04	Eucalyptus aff. melliodora	East of Goolgowi, Mid Western Highway, NSW	Multistemmed tree 8m tall. Bark rough throughout, thick, coarsely box-type, grey over red brown. Leaves dull, blue green. On red loam with E. populnea bimbil, E. socialis, E. intertexta and one E. camaldulensis. Photos AD, CANB	-33.9177777777778	145.943055555556							
CCA3471	CCA3471	Eucalyptus coronata	CC01	D08	No	R173/T11	DN 2247	East Mt Barren, WA	173	1999	11	2247		1998-04-20	Eucalyptus coronata	South side of East Mount Barren, Fitzgerald River National Park, WA	Mallee 4 m tall. Bark smooth. Leaves glossy, blue-green. On white quartzite slope with E. burdettiana and E. pleurocarpa. PERTH Photos	-33.9258333333333	120.026666666667	Eucalyptus	Eucalyptus	'Frutices' ms	Preissianae	Glandulares	coronata	""
CCA3107	CCA3107	Eucalyptus nitens	CC01	E08	No	R144/T27	DN 1766	Big Badja Hill, NSW	144	1997	27	1766		1996-04-22	Eucalyptus nitens	near Pikes Saddle on western edge of Deua NP, NSW	Tree 20m tall. Bark rough, loose, ribbony for 3m then smooth, light grey. Leaves glossy, dark green, reticulation sparse, with a few island oil glands. Growing with E. fraxinoides and E. fastigata. AD, CANB	-35.9875	149.554444444444	Eucalyptus	Symphyomyrtus	Maidenaria	'Remanentes' ms	""	nitens	""
CCA3130	CCA3130	Eucalyptus globulus	CC01	F08	No	R145/T21	DN 1726	Kennett River, Vic	145	1997	21	1726		1996-04-18	Eucalyptus globulus	South west of Kennett River, Great Ocean Rd, Vic	Tree 10m tall, others here varying from 4 to 25m tall. Bark rough, thin, brown for 0.5 to 2m, then smooth grey over yellow-cream. Leaves glossy, dark green. Hypanthium of fruit glaucous. On steep coastal cliffs with E. brookeriana. AD, CANB	-38.6886111111111	143.836388888889	Eucalyptus	Symphyomyrtus	Maidenaria	Globulares	Euglobulares	globulus	""
CCA3147	CCA3147	Eucalyptus elata	CC01	G08	No	R146/T16	DN 1742	Club Terrace, Vic	146	1997	16	1742		1996-04-19	Eucalyptus elata	Errinundra River, north of Club Terrace, Vic	Narrow tree 30m tall. Bark rough, finely fissured, grey for about 4m then smooth, light grey over cream. Leaves glossy, green. Growing above river with E. cypellocarpa and E. yangoura. AD	-37.4091666666667	148.901388888889	Eucalyptus	Eucalyptus	Eucalyptus	Radiatae	""	elata	""
CCA3217	CCA3217	Eucalyptus globulus	CC01	H08	No	R153/T23	DN 1986	Kellevie, Tas	153	1998	23	1986		1997-02-24	Eucalyptus globulus	Tas	Tree 15m tall. Bark smooth, grey over light grey tan. Leaves glossy, dark green. Fruits glaucous. Growing on rocky slope with E. pulchella, E. cordata and E. obliqua. Photo x1	-42.7519444444444	147.826388888889	Eucalyptus	Symphyomyrtus	Maidenaria	Globulares	Euglobulares	globulus	""
CCA3035	CCA3035	Eucalyptus sieberi	CC01	A09	Yes	R141/T21	DN 1749	Mt Imlay, NSW	141	1997	21	1749		1996-04-20	Eucalyptus sieberi	SE base of Mt. Imlay, on walking track to summit, NSW	Tree 40m tall. Bark rough, hard and furrowed, grey, to 15cm diameter, then smooth, white. Leaves glossy, green, reticulation sparse, with many oil glands. On slopes in pure stand. AD Photos			Eucalyptus	Eucalyptus	Eucalyptus	Psathyroxyla	Considenianae	sieberi	""
CCA3216	CCA3216	Eucalyptus globulus	CC01	B09	No	R153/T21	DN 1986	Kellevie, Tas	153	1998	21	1986		1997-02-24	Eucalyptus globulus	Tas	Tree 15m tall. Bark smooth, grey over light grey tan. Leaves glossy, dark green. Fruits glaucous. Growing on rocky slope with E. pulchella, E. cordata and E. obliqua. Photo x1	-42.7519444444444	147.826388888889	Eucalyptus	Symphyomyrtus	Maidenaria	Globulares	Euglobulares	globulus	""
CCA3062	CCA3062	Eucalyptus muelleriana	CC01	C09	No	R142/T26	DN 1753	Bodalla, NSW	142	1997	26	1753		1996-04-20	Eucalyptus muelleriana	West of Bodalla, NSW	Tree 20m tall. Bark rough, stringy, brown - grey. Leaves discolourous, glossy, dark green above. Growing with  E. sieberi and E. yangoura. AD	-36.0661111111111	149.913333333333	Eucalyptus	Eucalyptus	Eucalyptus	Pachyphloiae	""	muelleriana	""
CCA3271	CCA3271	Eucalyptus acmenoides	CC01	D09	No	R160/T05	DN 1299	Paluma, Qld	160	1998	5	1299		1995-04-12	Eucalyptus uvida	Near Paluma T/O on Bruce HW, QLD	Tree 10m tall. Bark rough, stringy, brown. Leaves slightly discolourous, glossy, green. AD	-18.9852777777778	146.295555555556	Eucalyptus	Eucalyptus	Eucalyptus	White-mahoganies	""	acmenoides	""
CCA3051	CCA3051	Eucalyptus strzeleckii	CC01	E09	No	R142/T05	DN 1725	Gellibrand Lower, Vic	142	1997	5	1725		1996-04-18	Eucalyptus strzeleckii	Great Ocean Rd, between Gellibrand River crossing and Moonlight Head Road, Otway Ranges, Victoria.	Tree 25 metres tall. Bark smooth except at very base, grey over yellow or cream. Leaves slightly glossy, green, reticulation dense, with many mostly intersectional oil glands. (Leaves concolorous). On hillslopes with Eucalyptus viminalis subsp. viminalis. AD, CANB	-38.7358333333333	143.251388888889	Eucalyptus	Symphyomyrtus	Maidenaria	Foveolatae	""	strzeleckii	""
CCA3092	CCA3092	Eucalyptus maidenii	CC01	F09	Yes	R144/T01	DN 1764	Araluen, NSW	144	1997	1	1764		1996-04-22	Eucalyptus maidenii	Between Braidwood and Araluen, NSW	Tree 20m tall. Bark rough, loose, grey for 1-2m then smooth, grey over yellow - cream. Leaves glossy, dark green. On hillside with E. elata and E. dives. AD	-35.5725	149.809722222222	Eucalyptus	Symphyomyrtus	Maidenaria	Globulares	Euglobulares	maidenii	""
CCA3041	CCA3041	Eucalyptus bosistoana	CC01	G09	Yes	R141/T29	DN 1733	Metung, Vic	141	1997	29	1733		1996-04-19	Eucalyptus bosistoana	Near Metung, Vic	Tree 15m tall. Bark rough, thin, box-type for about 5m then smooth. Leaves glossy, green. On slopes above creek with E. baueriana and E. pseudoglobulus.  AD	-37.8777777777778	147.854166666667	Eucalyptus	Symphyomyrtus	Adnataria	Melliodorae	""	bosistoana	""
CCA3322	CCA3322	Eucalyptus pilularis	CC01	H09	Yes	R165/T22	DN 644	Kempsey, NSW	165	1999	22	644		1993-12-04	Eucalyptus pilularis	NSW	Tree 15m tall, others to 40m tall. Bark rough, dark grey for 3m then smooth light grey over cream. Leaves ± concolourous, glossy green. Growing in pure stand on low rise. Dorrigo.	-30.9141666666667	152.941388888889	Eucalyptus	Eucalyptus	Eucalyptus	Pseudostringybarks	""	pilularis	""
CCA3841	CCA3841	Eucalyptus leucoxylon subsp. leucoxylon	CC01	A10	Yes	R190/T17	DN 2585	Bacchus Marsh, Vic	190	2000	17	2585		1999-04-12	Eucalyptus leucoxylon subsp. leucoxylon (connata)	W of Bacchus Marsh, Vic	Tree 8 m tall. Bark + smooth, patchy, grey and cream. Leaves  glossy, green. No parts pruinose. On hill with Eucalyptus microcarpa and E. baueriana. x1	-37.6616666666667	144.364166666667	Eucalyptus	Symphyomyrtus	Adnataria	Melliodorae	""	leucoxylon	leucoxylon
CCA3899	CCA3899	Eucalyptus radiata subsp. radiata	CC01	B10	No	R193/T13	DN 602	Mongarlowe, NSW	193	2000	13	602		1993-12-01	Eucalyptus radiata subsp. radiata	NSW	Small tree 5m tall. Brown dense. Bark rough, thick, brown-grey. Leaves glossy green. Growing in fairly flat area with E. obliqua. Canberra.	-35.4413888888889	149.964444444444	Eucalyptus	Eucalyptus	Eucalyptus	Radiatae	""	radiata	radiata
CCA3837	CCA3837	Eucalyptus cypellocarpa	CC01	C10	No	R190/T05	DN 2946	Kingstown, NSW	190	2000	5	2946		1999-12-18	Eucalyptus cypellocarpa (quinniorum)	West of Kingstown towards Barraba, New South Wales.	Several-stemmed tree 7 m tall, some single-stemmed and to 15 m tall. Bark rough to 0.6 m, some others with bark rough over whole trunk(s). Leaves glossy, dark green. Growing below granite outcrop with Angophora floribunda, Eucalyptus prava and E. macrorhyncha subsp. macrorhyncha. AD, CANB Photo nearby tree	-30.5108333333333	151.02416666666701	Eucalyptus	Symphyomyrtus	Maidenaria	Globulares	'Clivosae' ms	cypellocarpa	""
CCA3821	CCA3821	Eucalyptus albens	CC01	D10	No	R189/T24	DN 2898	Wagga Wagga, NSW	189	2000	24	2898		1999-12-13	Eucalyptus albens	West of Wagga Wagga, New South Wales.	Tree 12 metres tall. Bark rough on trunk, very finely fissured, grey and light grey. Smaller branches smooth. Branchlets glaucous. Leaves dull, grey-green. Growing on hill slope in gravelly clay-loam with Eucalyptus microcarpa. AD	-35.1058333333333	147.200277777778	Eucalyptus	Symphyomyrtus	Adnataria	Subbuxeales	""	albens	""
CCA3893	CCA3893	Eucalyptus elata	CC01	E10	Yes	R193/T06	DN 2901	Nerrigundah, NSW	193	2000	6	2901		1999-12-14	Eucalyptus elata	Tuross River catchment, New South Wales.	Tree 16 m tall, erect and straight-trunked. Bark rough on lower trunk, dark grey, very finely fissured. Leaves glossy, green. Growing on steep hillside with Angophora floribunda, Eucalyptus angophroides and E. seiberi. AD, CANB	-36.1194444444444	149.669166666667	Eucalyptus	Eucalyptus	Eucalyptus	Radiatae	""	elata	""
CCA3711	CCA3711	Eucalyptus coolabah	CC01	F10	Yes	R185/T28	DN 2957	Wilcannia, NSW	185	2000	28	2957		1999-12-20	Eucalyptus coolabah	Darling River floodplain just south-east of Wilcannia, New South Wales.	Tree 7 metres tall. Bark rough on trunk and larger branches, moderately fissured, grey-brown, smooth above, white. No parts glaucous. On flat floodplain with Eucalyptus largiflorens. AD	-31.5747222222222	143.390555555556	Eucalyptus	Symphyomyrtus	Adnataria	Striolatae	""	coolabah	""
CCA3887	CCA3887	Eucalyptus magnificata	CC01	G10	Yes	R192/T22	DN 2945	Enmore, NSW	192	2000	22	2945		1999-12-18	Eucalyptus magnificata	Near Enmore, south of Armidale, New South Wales.	Tree 7 m tall. Bark rough to small branches, very finely fissured, grey. New growth, branchlets and new fruit glaucous. Leaves becomming glossy and green. Growing on hillside above creek with Eucalyptus melliodora. AD, CANB	-30.7191666666667	151.722222222222	Eucalyptus	Symphyomyrtus	Adnataria	Heterophloiae	""	magnificata	""
CCA4821	CCA4821	Eucalyptus crebra	CC01	H10	No	R243/T09	DN 6453	Flora Range, Qld	243	2013	9	6453		2012-06-21	Eucalyptus crebra	Fitzroy Development Rd, near Flora Range, Queensland.	Tree to 15 metres tall. Bark rough throughout, ironbark, nearly black. Leaves dull, blue-green. Juvenile leaves fairly narrow. On slightly undulating ground in woodland co-dominant with E. populnea subsp. populnea, and with some Corymbia dallachiana and C. brachycarpa. AD Seed + photos	-21.9922222222222	148.559722222222	Eucalyptus	Symphyomyrtus	Adnataria	Siderophloiae	""	crebra	""
CCA4706	CCA4706	Eucalyptus cinerea subsp. cinerea	CC01	A11	No	R237/T01	DN 3211	Marulan, NSW	237	2001	1	3211			Eucalyptus cinerea	NE of Marulan, NSW		-34.6838888888889	150.051666666667	Eucalyptus	Symphyomyrtus	Maidenaria	Viminales	Circulares	cinerea	cinerea
CCA5976	CCA5976	Eucalyptus marginata subsp. marginata	CC01	B11	No	R342/T24	DN 4655	Jilakin Rock, WA	342	2017	24	4655		2003-08-17	Eucalyptus marginata subsp. marginata	Jilakin Rock picnic area, E of Kulin, Western Australia.	Tree to 18 metres tall. Bark rough throughout, coarsely stringy, grey-brown over red-brown. Leaves strongly discolorous, glossy, dark green. Several dozen plants of this here, growing below granite rock dome in dense Allocasuarina woodland with some Eucalyptus loxophleba subsp. loxophleba. PERTH	-32.6647222222222	118.325833333333	Eucalyptus	Eucalyptus	Longistylus	Occidentales	""	marginata	marginata
CCA4877	CCA4877	Eucalyptus fastigata	CC01	C11	No	R245/T20	DN 596	Badja, NSW	245	2002	20	596		1993-11-29	Eucalyptus fastigata	NSW	Tree 15m tall. Bark rough, stringy and brown. Leaves glossy dark green. No buds present. Growing in swamp with E. rubida. Bega.	-36.0313888888889	149.531111111111	Eucalyptus	Eucalyptus	Eucalyptus	Regnantes	""	fastigata	""
CCA5060	CCA5060	Eucalyptus viminalis subsp. viminalis	CC01	D11	No	R273/T09	DN 6158	Mt Kapultar, NSW	273	2013	9	6158		2012-03-06	Eucalyptus viminalis subsp. viminalis	Mt Kapultar summit, Mount Kapultar National Park, New South Wales.	Tree to 20 metres tall. Bark +/- smooth throughout, quite colourful, grey over cream and tan. Leaves glossy, green. Common on rocky summit with Eucalyptus pauciflora subsp. pauciflora dominant, and some E. laevopinea. AD Seeds	-30.2741666666667	150.164722222222	Eucalyptus	Symphyomyrtus	Maidenaria	Viminales	Lanceolatae	viminalis	viminalis
CCA5946	CCA5946	Eucalyptus pauciflora subsp. parvifructa	CC01	E11	No	R341/T21	DN 7047	Mt William, Vic	341	2017	21	7047		2016-01-17	Eucalyptus pauciflora subsp. parvifructa	Mt William summit, Grampians National Park, Victoria.	Multi-stemmed trees to 7 metres tall. Branchlets variably pruinose. Growing on plateau, in a stand of about 50 plants, with Eucalyptus alpina. AD, MEL Seeds + photos	-37.2952777777778	142.6025	Eucalyptus	Eucalyptus	Eucalyptus	Pauciflorae	""	pauciflora	parvifructa
CCA5918	CCA5918	Eucalyptus baxteri	CC01	F11	No	R340/T22	DN 7234	Wilsons Promontory, Vic	340	2017	22	7234		2016-10-08	Eucalyptus baxteri	Lilly Pilly car park, Wilsons Promontory National Park, Victoria.	Dense-crowned tree to 8 metres tall. Bark rough to small branches, stringy-fibrous, grey to red-brown. Common here on pale sand over granite with Eucalyptus willisii and E. obliqua. AD + seeds	-39.0222222222222	146.321666666667	Eucalyptus	Eucalyptus	Eucalyptus	Pachyphloiae	""	baxteri	""
CCA5597	CCA5597	Eucalyptus regnans	CC01	G11	No	R307/T19	DN 4316	Otway Range, Vic	307	2010	19	4316		2002-01-02	Eucalyptus regnans	Between Apollo Bay and Maits Rest on Great Ocean Road, Victoria.	Tree 35 metres tall, old dead stems much taller. Bark smooth over most of stem, pale grey over cream, rough at base to ca. 5 metres up, dark grey, finely fissured. Leaves very glossy, dark green.  Growing on ridge in tall forest with Eucalyptus viminalis subsp. viminalis. CANB, MEL	-38.7588888888889	143.5975	Eucalyptus	Eucalyptus	Eucalyptus	Regnantes	""	regnans	""
CCA5568	CCA5568	Eucalyptus microcodon	CC01	H11	Yes	R306/T13	DN 5010	Binna Burra, Qld	306	2010	13	5010		2006-10-07	Eucalyptus microcodon	Daves Creek track, Lamington National Park, Queensland.	Whipstick mallee to 12 metres tall (nearby to 16 metres tall where growing with E. campanulata). Leaves held erect, glossy, green. Locally dominant on edge of south-facing escarpment in swampy, very stony grey clay, as a slight emergent to low dense shrubland, with some depauperate Eucalyptus notabilis. This vegetation merges into E. campanulata rainforest to the north. AD, BRI	-28.2333333333333	153.3	Eucalyptus	Eucalyptus	Eucalyptus	Strictae	Regulares	microcodon	""
CCA4960	CCA4960	Eucalyptus patens	CC01	A12	No	R261/T02	DN 4621	Sawyers Valley, WA	261	2004	2	4621		2003-08-12	Eucalyptus patens	Just off Great Eastern Highway, between The Lakes and Mundaring, Western Australia.	Tree 15 metres tall, others to 30 metres tall. Bark rough throughout, thick, moderately-coarsely fissured, grey-brown. Leaves dull, slightly blue-green. Growing at swampy headwaters of valley with Corymbia calophylla and Eucalyptus marginata subsp. thalassica. PERTH	-31.8908333333333	116.249166666667	Eucalyptus	Eucalyptus	Longistylus	Patentes	""	patens	""
CCA5319	CCA5319	Eucalyptus haemastoma	CC01	B12	No	R292/T09	DN 6795	Lake Macquarie, NSW	292	2015	9	6795		2014-05-19	Eucalyptus haemastoma	Cambell Drv, Munmorah State Conservation Area, New South Wales.	Poor-formed tree to 7 metres tall. Bark smooth throughout, grey over cream, with scribbles. Leaves glossy, mid green. Growing on undulating hills in low open woodland with Angophora costata, Corymbia gummifera and Eucalyptus capitellata. AD Seeds	-33.1841666666667	151.613333333333	Eucalyptus	Eucalyptus	Eucalyptus	Psathyroxyla	Haemastomae	haemastoma	""
CCA5180	CCA5180	Eucalyptus dives	CC01	C12	No	R281/T10	DN 6099	Blackwood Range, Vic	281	2013	10	6099		2011-12-14	Eucalyptus dives	Junction of Grassy Gully Track and Blackwood Ranges Track, Victoria.	Bark rough throughout, finely-fissured, grey. Leaves glossy, dark green, but whole crown appearing bluish. Dominant tree on hills and ridges here, on stony grey clay with some Eucalyptus cypellocarpa - goniocalyx intergrades, E. obliqua and E. macrorhyncha. AD Seed	-37.5677777777778	144.366944444444	Eucalyptus	Eucalyptus	Eucalyptus	Radiatae	""	dives	""
CCA0455	CCA0455	Eucalyptus ornata	CC01	D12	No	R027/T37	DN 243	Kondinin, WA	27	1993	37	243		1992-12-11	Eucalyptus ornata		Mallet to 15m tall. Growing in pure stands on rise with E. gardneri  ssp. gardneri  nearby. Bark smooth glossy silvery white. Leaves dark green.	-32.4508333333333	118.349444444444	Eucalyptus	Symphyomyrtus	Bisectae	Falcatae	Rugatae	ornata	""
CCA0431	CCA0431	Eucalyptus optima	CC01	E12	No	R027/T08	DN 115	Balladonia, WA	27	1993	8	115		1992-12-06	Eucalyptus optima		Tree to 12m tall. Pure stand. Bark smooth grey over cream to ground level. No buds present.	-32.2927777777778	123.497222222222	Eucalyptus	Symphyomyrtus	Bisectae	Subulatae	Decurrentes	optima	""
CCA0405	CCA0405	Eucalyptus eudesmioides	CC01	F12	Yes	R025/T34	DN 279	Bunjil, WA	25	1993	34	279		1992-12-12	Eucalyptus eudesmioides		Mallee 6m tall. Growing on yellow sandplain. Light grey to cream smooth dull bark. Leaves dull blue-green	-29.6772222222222	116.390555555556	Eucalyptus	Eudesmia	Limbatae	Heteropterae	Tetraedrae	eudesmioides	""
CCA0390	CCA0390	Eucalyptus recta	CC01	G12	No	R025/T14	DN 294	Cadoux, WA	25	1993	14	294		1992-12-13	Eucalyptus recta		Tree to 12m tall. Growing in pure stands in Casuarina shrubland.  Type location. Light grey over white smooth bark. Glossy green leaves	-30.7783333333333	117.173333333333	Eucalyptus	Symphyomyrtus	Bisectae	Falcatae	Rugatae	recta	""
CCA0375	CCA0375	Eucalyptus decipiens	CC01	H12	Yes	R024/T33	DN 227	Takalerup, WA	24	1993	33	227		1992-12-10	Eucalyptus decipiens	Chester Pass Rd, between Porongurups Ranges and Kamballup	Large mallee or scraggly tree 6m tall. Growing in depression with E. calophylla. Bark rough flaky to chunky bark to 5cm diameter. Leaves dull green.	-34.6555555555556	117.955833333333							
EmelCSIRO-rep2	EmelCSIRO		CC02	C01	No																					
CCA0278	CCA0278	Eucalyptus kochii subsp. kochii	CC02	D01	Yes	R020/T11	DN 288	Pithara, WA	20	1993	11	288		1992-12-13	Eucalyptus kochii subsp. kochii	East of Dalwallinu, Western Australia.	Mallee to 6 metres tall. Dark grey, rough, slightly stringy bark to smaller branches. Glossy green leaves. Growing on brown loan with Eucalyptus erthronema var. marginata and E. subangusta.  PERTH	-30.2838888888889	116.873055555556	Eucalyptus	Symphyomyrtus	Bisectae	Subulatae	Oleaginae	kochii	kochii
CCA0266	CCA0266	Eucalyptus delicata	CC02	E01	No	R019/T29	DN 149	Lort River, WA	19	1993	29	149		1992-12-06	Eucalyptus delicata		Tree 12m tall on mallee sandplain with E. valens and E. flocktoniae bark rough for ~2m. Leaves very glossy.	-33.0558333333333	121.174166666667	Eucalyptus	Symphyomyrtus	Bisectae	Subulatae	Spirales	delicata	""
CCA0248	CCA0248	Eucalyptus micranthera	CC02	F01	Yes	R018/T34	DN 172	Condingup, WA	18	1993	34	172		1992-12-08	Eucalyptus micranthera		Mallee erect to 4m tall, with E. eyreana, E. uncinata, E. leptocalyx, and E. varia ssp. varia. Bark smooth grey. Leaves slightly glossy green.	-33.8138888888889	122.48	Eucalyptus	Symphyomyrtus	Bisectae	Micrantherae	Micrantherae	micranthera	""
CCA0175	CCA0175	Eucalyptus brockwayi	CC02	G01	No	R015/T13	DN 136	Norseman, WA	15	1993	13	136		1992-12-06	Eucalyptus brockwayi		Tree 20m tall. With E. lesoufii and E. celastroides. Rare.	-32.1366666666667	121.694166666667	Eucalyptus	Symphyomyrtus	Bisectae	Brockwayanae	""	brockwayi	""
CCA0124	CCA0124	Eucalyptus angustissima	CC02	H01	Yes	R013/T20	DN 150	Peak Charles, WA	13	1993	20	150		1992-12-06	Eucalyptus angustissima	Upper Lort River , north-west of Esperance, Western Australia.	Mallee to 3 metres tall. Growing with Eucalyptus incrassata on sandplain near salt lake. PERTH	-33.0461111111111	121.172222222222	Eucalyptus	Symphyomyrtus	Bisectae	Angustissimae	""	angustissima	""
CCA0003	CCA0003	Eucalyptus mannensis subsp. mannensis	CC02	A02	Yes	R009/T05	-	Giles, WA	9	1993	5									Eucalyptus	Symphyomyrtus	Bisectae	Micrantherae	Bakerianae	mannensis	mannensis
CCA0016	CCA0016	Eucalyptus socialis subsp. victoriensis	CC02	B02	No	R009/T31	DN 113	Ooldea Range, SA	9	1993	31	113		1992-12-05	Eucalyptus socialis subsp. victoriensis	West of Vokes Hill to Cook Road	Mallee 3-4m tall. Common, often dominant on mallee sandplain with E. concinna. Bark rough on butt. No buds. Similar to E. eucentrica but non glaucous and thicker leaves and fruit.	-29.3697222222222	130.049166666667	Eucalyptus	Symphyomyrtus	Bisectae	Subulatae	Decussatae	socialis	victoriensis
CCA0037	CCA0037	Eucalyptus ebbanoensis subsp. ebbanoensis	CC02	C02	Yes	R010/T24	DN 293	Wongan Hills, WA	10	1993	24	293		1992-12-13	Eucalyptus ebbanoensis subsp. ebbanoensis	WA	Large erect mallee to 10m tall. Growing on orange gravelly soil with E. eudesmioides.  Locally dominant. Pink-grey over light greenish grey bark. Dull, light green leaves	-30.8302777777778	116.639166666667	Eucalyptus	Eudesmia	Limbatae	Ebbanoenses	""	ebbanoensis	ebbanoensis
CCA0038	CCA0038	Eucalyptus ebbanoensis subsp. ebbanoensis	CC02	D02	Yes	R010/T25	DN 293	Wongan Hills, WA	10	1993	25	293		1992-12-13	Eucalyptus ebbanoensis subsp. ebbanoensis	WA	Large erect mallee to 10m tall. Growing on orange gravelly soil with E. eudesmioides.  Locally dominant. Pink-grey over light greenish grey bark. Dull, light green leaves	-30.8302777777778	116.639166666667	Eucalyptus	Eudesmia	Limbatae	Ebbanoenses	""	ebbanoensis	ebbanoensis
CCA0758	CCA0758	Eucalyptus blakelyi	CC02	E02	Yes	R050/T01	DN 722	Inverell, NSW	50	1994	1	722		1993-12-10	Eucalyptus blakelyi	Near Bingara, New South Wales.	Tree 10 m tall. Bark ± smooth, grey over light grey. Leaves slightly glossy green. In full flower (white). Growing on hill slope with Eucalyptus melliodora. Grafton Map.	-29.7458333333333	151.560555555556	Eucalyptus	Symphyomyrtus	Exsertaria	Exsertae	Erythroxyla	blakelyi	""
CCA0904	CCA0904	Eucalyptus cloeziana	CC02	F02	Yes	R056/T23	DN 696	Isla Gorge, Qld	56	1994	23	696		1993-12-07	Eucalyptus cloeziana	Liechhardt Highway, Isla Gorge National Park, Queensland.	Tree 16 metres tall. Bark rough, tessellated, reddish brown. Leaves discolourous, ± dull, green. Growing in dry, sandy creek bed with Corymbia variegata and Eucalyptus crebra. Taroom Map.	-25.1847222222222	149.989166666667	Eucalyptus	Idiogenes	""	""	""	cloeziana	""
CCA0937	CCA0937	Corymbia gummifera	CC02	G02	No	R058/T36	-	Unknown	58	1994	36									Corymbia	Corymbia	Corymbia	'Cymbiformes' ms	""	gummifera	""
CCA0866	CCA0866	Corymbia citriodora	CC02	H02	No	R054/T24	DN 702	Springsure, Qld	54	1994	24	702		1993-12-07	Corymbia citriodora	Springsure to Rolleston road, south-east of Springsure, Queensland.	Tree 15 metres tall. Bark smooth grey over pinkish white. Leaves glossy green. No mature buds present. Growing with Eucalyptus crebra. Springsure map. AD	-24.225	148.233333333333	Corymbia	Blakella	Maculatae	""	""	citriodora	""
CCA0837	CCA0837	Corymbia eximia	CC02	A03	Yes	R053/T21	DN 632	Wisemans Ferry, NSW	53	1994	21	632		1993-12-02	Corymbia eximia	Hawksbury River scarp near Wisemans Ferry, New South Wales.	Tree 10 metres tall. Bark rough and flaky, yellow-brown and tan. Leaves dull, slightly bluish green. Growing on a steep sandstone slope with Eucalyptus punctata. Sydney map. AD	-33.3897222222222	150.9825	Corymbia	Blakella	Naviculares	""	""	eximia	""
CCA0831	CCA0831	Eucalyptus notabilis	CC02	B03	Yes	R053/T15	DN 630	Faulconbridge, NSW	53	1994	15	630		1993-12-02	Eucalyptus notabilis	Blue Mountains, New South Wales.	Tree 15 m tall. Bark rough and grey throughout. Leaves discolourous, glossy dark green above. Growing with Corymbia intermedia? Sydney Map.	-33.6969444444444	150.547777777778	Eucalyptus	Symphyomyrtus	Latoangulatae	Annulares	""	notabilis	""
CCA0761	CCA0761	Eucalyptus dealbata	CC02	C03	No	R050/T05	DN 723	Inverell, NSW	50	1994	5	723		1993-12-10	Eucalyptus dealbata	Near Bingara, New South Wales.	Multi-stemmed tree 7 m tall. Bark smooth, grey over cream. Leaves dull grey. Twigs and fruit pruinose. Growing on rise with Eucalyptus albens and E. melanophloia. Inverall Map.	-29.7458333333333	151.560555555556	Eucalyptus	Symphyomyrtus	Exsertaria	Exsertae	Erythroxyla	dealbata	""
CCA0965	CCA0965	Eucalyptus michaeliana	CC02	D03	No	R061/T02	DN 650	Hillgrove, NSW	61	1994	2	650		1993-12-04	Eucalyptus michaeliana	NSW	Tree 18m tall. Bark smooth, conspicuously mottled, greenish-grey over light grey. Leaves dull, blue green. Growing on slight rise with E. cameronii. Dorrigo.	-30.5908333333333	151.955277777778	Eucalyptus	Symphyomyrtus	Racemus	""	""	michaeliana	""
CCA0615	CCA0615	Eucalyptus cneorifolia	CC02	E03	Yes	R044/T01	DN 75	Waitpinga, SA	44	1994	1	75		1992-07-25	Eucalyptus cneorifolia	Wilson Hill 10 km, west Victor Harbour, South Australia	AD	-35.5666666666667	138.533333333333	Eucalyptus	Symphyomyrtus	Bisectae	Angustissimae	""	cneorifolia	""
CCA0813	CCA0813	Eucalyptus baileyana	CC02	F03	No	R052/T21	DN 665	Baryulgil, NSW	52	1994	21	665		1993-12-05	Eucalyptus baileyana	Coaldale Road, between Grafton and Baryulgil, New South Wales.	Tree 20 metres tall. Bark rough, finely stringy red-grey. Leaves discolourous, glossy green. Growing on edge of sandstone outcrop with Corymbia variegata, Eucalyptus psammitica and E. pilularis. Grafton Map.	-29.4530555555556	152.8225	Eucalyptus	Eudesmia	Complanatae	Scutelliformes	""	baileyana	""
CCA0575	CCA0575	Eucalyptus salmonophloia	CC02	G03	No	R042/T13	DN 341	Spinifex Range, WA	42	1994	13	341		1992-12-15	Eucalyptus salmonophloia		Large tree to 20m tall. Growing with E. transcontinentalis. Bark smooth, grey. Lightly glossy, green leaves	-30.8105555555556	122.833333333333	Eucalyptus	Symphyomyrtus	Bisectae	Salmonophloiae	""	salmonophloia	""
CCA0800	CCA0800	Eucalyptus prava	CC02	H03	Yes	R052/T01	DN 671	Mt Norman, Qld	52	1994	1	671		1993-12-05	Eucalyptus prava	Walking track to summit of Mt. Norman, Qld.	Scraggly mallee 5m tall. Bark smooth grey over light grey. Leaves dull blue-green. Growing in depressions between granite slabs with E. scoparia. Warwick.	-28.8666666666667	151.966666666667	Eucalyptus	Symphyomyrtus	Exsertaria	'Liberivalvae' ms	""	prava	""
CCA0744	CCA0744	Corymbia trachyphloia subsp. trachyphloia	CC02	A04	No	R049/T18	DN 714	Goodwood, Qld	49	1994	18	714		1993-12-09	Corymbia trachyphloia subsp. trachyphloia	North-east of Childers, Queensland.	Tree 12 metres tall. Bark rough, tessellated, grey-brown. Leaves discolorous, glossy and green above. Dominant here, growing with Eucalyptus latisinensis. AD	-25.1763888888889	152.368611111111	Corymbia	Corymbia	Corymbia	'Trachyphloiae' ms	""	trachyphloia	trachyphloia
CCA0773	CCA0773	Eucalyptus kabiana	CC02	B04	No	R050/T22	DN 720	Mt Beerwah, Qld	50	1994	22	720		1993-12-09	Eucalyptus kabiana	Lower slope of Mt. Beerwah, Glasshouse Mountains, Queensland.	Mallee 3 m tall. Stems thin. Bark smooth, reddish-grey over cream. Leaves dull green. Growing on steep north facing rock slab in cracks between slabs.			Eucalyptus	Symphyomyrtus	Exsertaria	Exsertae	Erythroxyla	kabiana	""
CCA0736	CCA0736	Eucalyptus exserta	CC02	C04	Yes	R049/T09	DN 682	Tara, Qld	49	1994	9	682		1993-12-06	Eucalyptus exserta	Qld.	Robust mallee 6m tall. Bark rough and thick, dark grey brown over most of stems. Leaves dull green. Growing in dense mulga. Dalby.	-27.1341666666667	150.483055555556	Eucalyptus	Symphyomyrtus	Exsertaria	Exsertae	Exsertae	exserta	""
CCA0700	CCA0700	Eucalyptus gomphocephala	CC02	D04	Yes	R047/T36	-	Cult. Morphett Vale, SA	47	1994	36									Eucalyptus	Symphyomyrtus	Bolites	""	""	gomphocephala	""
CCA0671	CCA0671	Eucalyptus botryoides	CC02	E04	No	R046/T35	-	Cult. Morphett Vale, SA	46	1994	35									Eucalyptus	Symphyomyrtus	Latoangulatae	Transversae	""	botryoides	""
CCA0695	CCA0695	Eucalyptus longifolia	CC02	F04	Yes	R047/T27	Brooker 4700	Nowra, NSW	47	1994	27									Eucalyptus	Symphyomyrtus	Incognitae	'Similares' ms	""	longifolia	""
CCA0964	CCA0964	Eucalyptus michaeliana	CC02	G04	No	R061/T01	DN 650	Hillgrove, NSW	61	1994	1	650		1993-12-04	Eucalyptus michaeliana	NSW	Tree 18m tall. Bark smooth, conspicuously mottled, greenish-grey over light grey. Leaves dull, blue green. Growing on slight rise with E. cameronii. Dorrigo.	-30.5908333333333	151.955277777778	Eucalyptus	Symphyomyrtus	Racemus	""	""	michaeliana	""
CCA1037	CCA1037	Eucalyptus roycei	CC02	H04	Yes	R063/T21	DN 1175	Coburn Station, WA	63	1995	21	1175		1994-11-27	Eucalyptus roycei		Mallee 2m tall. Bark smooth, grey. Leaves dull, blue green. On yellow sand dune with E. beardiana. A Photo	-26.7027777777778	114.1825	Eucalyptus	Eudesmia	Limbatae	Heteropterae	Jucundae	roycei	""
CCA1111	CCA1111	Eucalyptus extrica	CC02	A05	Yes	R065/T31	DN 1092	Cape Arid, WA	65	1995	31	1092		1994-11-21	Eucalyptus extrica		Scraggly mallee 3 x 4m. Bark smooth, tan over light grey. Leaves not glaucous, dull, green. Fruit glossy, yellowish orange. On white sand over limestone with E. crassa, E. cooperiana and E. discreta. A      Photo       Photo E. tumida	-33.585	123.578333333333	Eucalyptus	Eudesmia	Limbatae	Heteropterae	Tetraedrae	extrica	""
CCA1122	CCA1122	Eucalyptus urna	CC02	B05	Yes	R066/T05	DN 1087	Balladonia, WA	66	1995	5	1087		1994-11-21	Eucalyptus urna		Mallet 6m tall. Bark smooth, grey over cream. Leaves glossy, green on loam over limestone with E. fraseri, E. gracilis and E. oleosa S.L. A       Photo	-32.8236111111111	123.5325	Eucalyptus	Symphyomyrtus	Bisectae	Subulatae	Decurrentes	urna	""
CCA1135	CCA1135	Eucalyptus camaldulensis subsp. arida	CC02	C05	No	R066/T25	DN 1206	MacDonnell Ranges, NT	66	1995	25	1206		1994-12-03	Eucalyptus camaldulensis subsp. arida		Tree 10m tall. Bark smooth, mottled red brown over green grey over white. Leaves dull, blue green. Flowers cream. Growing in creek, E. terminalis nearby. A Photo	-23.2041666666667	131.560277777778	Eucalyptus	Symphyomyrtus	Exsertaria	Exsertae	Rostratae	camaldulensis	arida
CCA1192	CCA1192	Eucalyptus obesa	CC02	D05	Yes	R068/T20	DN 1109	Ninety Mile Tank, WA	68	1995	20	1109		1994-11-22	Eucalyptus obesa		Mallee 4m tall. Bark smooth, light grey over cream. Leaves glossy, light green. Growing on white sand and laterite with E. eremophila and E. pileata. A Photo	-32.9202777777778	120.365833333333	Eucalyptus	Symphyomyrtus	Bisectae	Falcatae	Decipientes	obesa	""
CCA1212	CCA1212	Eucalyptus rudis subsp. rudis	CC02	E05	Yes	R069/T32	DN 1131	Pallinup River, WA	69	1995	32	1131		1994-11-23	Eucalyptus rudis subsp. rudis	Pallinup River, Western Australia.	Tree 8 m tall. Bark rough, finely fissured, grey to small twigs. Leaves slightly glossy, blue green. Growing in creek with Eucalyptus macrandra and Allocasuarina. A Photo	-34.4058333333333	118.73	Eucalyptus	Symphyomyrtus	Exsertaria	Exsertae	Rostratae	rudis	rudis
CCA1266	CCA1266	Eucalyptus camaldulensis subsp. camaldulensis	CC02	F05	No	R071/T28	DN 823	Kangaroo Island, SA	71	1995	28	823		1993-04-30	Eucalyptus camaldulensis subsp. camaldulensis		Tree 15m tall. Bark smooth, irregularly flakes of grey, cream and orange. Leaves dull, slightly bluish green. Growing in pure stand on brown loam flat surrounded by E. cneirofolia. Seed taken.	-35.6972222222222	137.5225	Eucalyptus	Symphyomyrtus	Exsertaria	Exsertae	Rostratae	camaldulensis	camaldulensis
CCA1256	CCA1256	Eucalyptus pleurocarpa	CC02	G05	Yes	R071/T12	DN 154	Grass Patch, WA	71	1995	12	154		1992-12-06	Eucalyptus pleurocarpa		Growing on sand plain, slight rise.	-33.1577777777778	121.640277777778	Eucalyptus	Eudesmia	Limbatae	Heteropterae	Tetraedrae	pleurocarpa	""
CCA1302	CCA1302	Eucalyptus gillenii	CC02	H05	Yes	R073/T02	DN 1209	Mt Gillen, WA	73	1995	2	1209		1994-12-04	Eucalyptus gillenii	Mt Gillen, MacDonnell Ranges, Northern Territory.	Mallee 4 m tall. Bark ribbony, rough at base, otherwise smooth, pink or tan over cream. Leaves dull, blue green. Growing on rocky hillside with Corymbia eremaea subsp. oligocarpa and C. apparrerinja. AD Photo	-23.725	133.857222222222	Eucalyptus	Symphyomyrtus	Exsertaria	Exsertae	Exsertae	gillenii	""
CCA1370	CCA1370	Eucalyptus diversicolor	CC02	A06	No	R076/T20	DN 1142	Walpole, WA	76	1995	20	1142		1994-11-24	Eucalyptus diversicolor		Tree 25m tall with broken top. Bark smooth grey over yellow cream. Leaves discolourous, glossy, green above. Growing in pure stands with E. calophylla nearby. A Photo (not of specimen tree)	-34.8169444444444	116.685277777778	Eucalyptus	Symphyomyrtus	Inclusae	""	""	diversicolor	""
CCA1413	CCA1413	Corymbia deserticola subsp. deserticola	CC02	B06	No	R083/T11	DN 542	Kumarina roadhouse, WA	83	1998	11	542		1993-10-04	Corymbia deserticola subsp. deserticola	Track to Eucalyptus rameliana from Weelarrana, edge of Little Sandy Desert, Western Australia.	Scraggly tree 4 metres tall. Bark rough, coarsely tessellated, grey. Leaves dull, slightly rough, light green. Dominant on gravely red sand, with Corymbia opaca nearby. PERTH	-24.185	120.004444444444	Corymbia	Corymbia	Corymbia	'Terminalipterae' ms	""	deserticola	deserticola
CCA1439	CCA1439	Eucalyptus herbertiana	CC02	C06	No	R084/T22	DN 1933	Kununurra, WA	84	1998	22	1933		1996-10-15	Eucalyptus herbertiana	Kelly's Knob, Kununurra township, Western Australia.	Mallee 4 m tall. Bark smooth, white and pinkish-cream. Leaves dull, green. Growing in between rocks on rocky hill with Corymbia cliftoniana? and C. drysdalensis. CANB, PERTH photo	-15.7666666666667	128.733333333333	Eucalyptus	Symphyomyrtus	Exsertaria	Exsertae	Subexsertae	herbertiana	""
CCA1474	CCA1474	Eucalyptus eremicola subsp. peeneri	CC02	D06	Yes	R086/T12	DN 1542	Lake Yeo, WA	86	1996	12	1542		1995-09-17	Eucalyptus eremicola subsp. peeneri	South of Yeo Lake, Great Victoria Desert, Western Australia.	Mallee 6m tall. Bark rough for 203m, grey brown, then smooth, white. Leaves dull, blue green at first, becoming glossy, green. In red sand with Eucalyptus lucasii. Photos AD	-28.1011111111111	124.2125	Eucalyptus	Symphyomyrtus	Bisectae	Subulatae	Oleaginae	eremicola	peeneri
CCA1564	CCA1564	Eucalyptus platyphylla	CC02	E06	No	R089/T24	DN 1350	Daly Waters, NT	89	1996	24	1350		1995-04-18	Eucalyptus bigalerita	Near Daly Waters on Stuart HW, Northern Territory	Tree 10 m tall. Bark smooth, white. Leaves dull, light green. Growing with Corymbia ferruginea, C. polycarpa, Eucalyptus camaldulensis var. obtusa and E. patellaris. Photo AD	-16.2519444444444	133.3975	Eucalyptus	Symphyomyrtus	Exsertaria	Exsertae	Subexsertae	platyphylla	""
CCA1594	CCA1594	Eucalyptus infera	CC02	F06	Yes	R090/T26	DN 1254	Durikai State Forest, Qld	90	1996	26	1254		1995-04-08	Eucalyptus infera	State Forest south-west of Warwick, Queensland.	Whipstick mallee 5 m tall. Bark smooth, tan and grey over pale orange. Leaves glossy, dark green. Growing in very small waterway with Corymbia maculata, Eucalyptus moluccana and E. fibrosa. Photos AD	-28.3994444444444	151.703055555556	Eucalyptus	Symphyomyrtus	Exsertaria	Exsertae	Erythroxyla	infera	""
CCA2829	CCA2829	Corymbia aparrerinja	CC02	G06	No	R132/T05	-	Unknown	132	1997	5									Corymbia	Blakella	Abbreviatae	'Scutiformes' ms	""	aparrerinja	""
CCA1655	CCA1655	Eucalyptus grandis	CC02	H06	Yes	R093/T36	DN 1237	Johns River, NSW	93	1996	36	1237		1995-04-07	Eucalyptus grandis	south of Kew on Pacific HW, NSW	Tree 30m tall. Bark rough, tessellated, dark grey for about 1m then smooth white. Leaves discolourous, glossy, green. Growing beside creek with E. pilularis and E. microcorys. Photo AD	-31.6916666666667	152.734166666667	Eucalyptus	Symphyomyrtus	Latoangulatae	Transversae	""	grandis	""
CCA1654	CCA1654	Eucalyptus grandis	CC02	A07	Yes	R093/T35	DN 1237	Johns River, NSW	93	1996	35	1237		1995-04-07	Eucalyptus grandis	south of Kew on Pacific HW, NSW	Tree 30m tall. Bark rough, tessellated, dark grey for about 1m then smooth white. Leaves discolourous, glossy, green. Growing beside creek with E. pilularis and E. microcorys. Photo AD	-31.6916666666667	152.734166666667	Eucalyptus	Symphyomyrtus	Latoangulatae	Transversae	""	grandis	""
CCA1650	CCA1650	Corymbia gummifera	CC02	B07	No	R093/T18	DN 1228	Ku-Ring-Gai Chase, NSW	93	1996	18	1228		1995-04-06	Corymbia gummifera	Ku-Ring-Gai Chase National Park, near Sydney, New South Wales.	Small tree 5 metres tall. Bark rough, tessellated, grey-brown. Leaves discolorous, glossy green. Growing on sandstone with Eucalyptus oblonga and E. racemosa. AD	-33.6841666666667	151.231666666667	Corymbia	Corymbia	Corymbia	'Cymbiformes' ms	""	gummifera	""
CCA1644	CCA1644	Eucalyptus camaldulensis subsp. simulata	CC02	C07	No	R093/T08	DN 1314	Laura, Qld	93	1996	8	1314		1995-04-14	Eucalyptus camaldulensis subsp. simulata	Near Laura, QLD	Tree 8m tall. Bark smooth, greenish white and tan. Leaves slightly glossy, green. In sandy Laura River with Melaleuca. AD	-15.5552777777778	144.439166666667	Eucalyptus	Symphyomyrtus	Exsertaria	Exsertae	Rostratae	camaldulensis	simulata
CCA1660	CCA1660	Eucalyptus microcorys	CC02	D07	Yes	R094/T05	DN 1238	Johns River, NSW	94	1996	5	1238		1995-04-07	Eucalyptus microcorys	South of Kew on Pacific Highway, New South Wales.	Tree 35 metres tall. Bark rough, tightly held stringy red brown. Leaves discolourous, glossy, green.  Growing near creek with Eucalyptus grandis and E. pilularis. Photos AD	-31.6916666666667	152.734166666667	Eucalyptus	Alveolata	""	""	""	microcorys	""
CCA2812	CCA2812	Angophora floribunda	CC02	E07	No	R131/T10	-	Unknown	131	1997	10									Angophora	""	""	Angophora	'Floribundinae' ms	floribunda	""
CCA3263	CCA3263	Corymbia abergiana	CC02	F07	Yes	R159/T13	DN 1303	Paluma, Qld	159	1998	13	1303		1995-04-12	Corymbia abergiana	West of Paluma towards Hidden Valley, Queensland.	Scraggly multi-stemmed tree 4 metres tall. Bark rough and tessellated, brown. Leaves discolorous, glossy, dark green. Growing on gravely sand with Eucalyptus uvida. Photo  AD	-19.0072222222222	146.091111111111	Corymbia	Corymbia	Corymbia	'Dorsiventrales' ms	""	abergiana	""
CCA3261	CCA3261	Eucalyptus curtisii	CC02	G07	No	R159/T09	DN 2108	Beerwah, Qld	159	1998	9	2108		1997-12-14	Eucalyptus curtisii	Near Beerwah, Queensland.	Slender mallee 4 metres tall. Bark smooth, tan. Leaves discolorous, glossy, green above. On white sand with Eucalyptus racemosa and Corymbia gummifera. AD Photo	-26.8644444444444	152.985	Eucalyptus	Acerosae	""	""	""	curtisii	""
CCA3250	CCA3250	Eucalyptus squamosa	CC02	H07	No	R158/T17	DN 2072	Glenbrook, NSW	158	1998	17	2072		1997-12-10	Eucalyptus squamosa	Blue Mountains National Park, near Glenbrook, New South Wales.	Tree 8 m tall. Bark rough to small branches, finely fissured, grey. Leaves dull, blue-green. Growing on edge of ridge with A. costata, E. sparsifolia, C. gummifera and Syncarpia. AD, CANB Photo	-33.795	150.570555555556	Eucalyptus	Symphyomyrtus	Bisectae	Squamosae	""	squamosa	""
CCA3248	CCA3248	Angophora costata subsp. costata	CC02	A08	Yes	R158/T10	DN 2073	Glenbrook, NSW	158	1998	10	2073		1997-12-10	Angophora costata subsp. costata	Blue Mountains National Park, near Glenbrook, New South Wales.	Tree 14 metres tall. Bark smooth, grey and pink over orange. Leaves discolorous, glossy and green above. Growing with Corymbia gummifera, C. eximia, Eucalyptus racemosa and Syncarpia. AD, CANB	-33.7991666666667	150.596944444444	Angophora	""	""	'Costatitae' ms	""	costata	costata
CCA3247	CCA3247	Angophora costata subsp. costata	CC02	B08	Yes	R158/T09	DN 2073	Glenbrook, NSW	158	1998	9	2073		1997-12-10	Angophora costata subsp. costata	Blue Mountains National Park, near Glenbrook, New South Wales.	Tree 14 metres tall. Bark smooth, grey and pink over orange. Leaves discolorous, glossy and green above. Growing with Corymbia gummifera, C. eximia, Eucalyptus racemosa and Syncarpia. AD, CANB	-33.7991666666667	150.596944444444	Angophora	""	""	'Costatitae' ms	""	costata	costata
CCA3176	CCA3176	Eucalyptus major	CC02	C08	No	R151/T09	DN 2107	Helidon Hills, Qld	151	1998	9	2107		1997-12-14	Eucalyptus major	Helidon Hills, north-east of Helidon, Queensland.	Tree 15 m tall. Bark smooth, grey over light grey. Leaves discolorous, glossy, green above. Growing with Corymbia variegata, C. ?intermedia and Eucalyptus taurina. AD Photo	-27.5186111111111	152.160833333333	Eucalyptus	Symphyomyrtus	Exsertaria	Connexentes	""	major	""
CCA3011	CCA3011	Corymbia maculata	CC02	D08	Yes	R140/T05	DN 1752	Narooma, NSW	140	1997	5	1752		1996-04-20	Corymbia maculata	Near Narooma, New South Wales.	Tree 18 metres tall. Bark smooth, blotched grey over cream. Leaves glossy, green. Growing on hillside in a nearly pure stand, with a few Eucalyptus botryoides. AD	-36.2816666666667	150.124722222222	Corymbia	Blakella	Maculatae	""	""	maculata	""
CCA3012	CCA3012	Corymbia maculata	CC02	E08	Yes	R140/T06	DN 1752	Narooma, NSW	140	1997	6	1752		1996-04-20	Corymbia maculata	Near Narooma, New South Wales.	Tree 18 metres tall. Bark smooth, blotched grey over cream. Leaves glossy, green. Growing on hillside in a nearly pure stand, with a few Eucalyptus botryoides. AD	-36.2816666666667	150.124722222222	Corymbia	Blakella	Maculatae	""	""	maculata	""
CCA2909	CCA2909	Corymbia eremaea subsp. eremaea	CC02	F08	No	R135/T17	DN 1708	Iltur outstation, SA	135	1997	17	1708		1996-03-15	Corymbia eremaea subsp. eremaea	Near Iltur Outstation, Great Victoria Desert, South Australia	Multi-stemmed tree 6 metres tall. Bark rough, tessellated, soft, grey-brown. Leaves slightly discolorous, dull, pale green. Growing in red sand with mulga scrub. AD, CANB Photos	-27.4661111111111	130.494166666667	Corymbia	Corymbia	Corymbia	'Isobilaterales' ms	'Limitaneae' ms	eremaea	eremaea
CCA3464	CCA3464	Angophora melanoxylon	CC02	G08	No	R173/T01	DN 2552	St George, Qld	173	1999	1	2552		1998-10-08	Angophora melanoxylon	North of St George on the Carnarvon Highway, Queensland.	Tree 10 metres tall. Bark rough throughout, finely fissured, hard, grey-brown. Leaves discolorous, dull and green above. Growing on sandy plain with Corymbia tessellaris, Eucalyptus melanophloia subsp. melanophloia and E. populnea. AD	-27.9627777777778	148.687222222222	Angophora	""	""	Angophora	'Melanoxylon' ms	melanoxylon	""
CCA3451	CCA3451	Eucalyptus camaldulensis subsp. obtusa	CC02	H08	No	R172/T16	DN 2489	Daly Waters, NT	172	1999	15	2489	T16 not 15	1998-09-30	Eucalyptus camaldulensis subsp. obtusa	Daly Waters area on the Stuart Highway, NT.	Tree 10 m tall. Bark smooth throughout, powdery white and pale pink. Leaves slightly glossy, green. Growing in small creek with Corymbia polycarpa and Eucalyptus bigalerita. AD, CANB	-16.2519444444444	133.397777777778	Eucalyptus	Symphyomyrtus	Exsertaria	Exsertae	Rostratae	camaldulensis	obtusa
CCA6041	CCA6041	Eucalyptus jucunda	CC02	A09	No	R345/T05	DN 7228	Kalbarri Nat. Park, WA	345	2017	5	7228		2016-09-07	Eucalyptus jucunda	Road to Nature's Window, Kalbarri National Park, Western Australia.	Mallee 3 metres tall. Bark rough for < 1 metre. Leaves very slightly glossy, green. On yellow sandplain. Nearby is Eucalyptus subangusta subsp. subangusta, E. sp. Kalbarri, E eudesmioides and E. oldfieldii. PERTH + seeds	-27.6261111111111	114.364722222222	Eucalyptus	Eudesmia	Limbatae	Heteropterae	Jucundae	jucunda	""
CCA6033	CCA6033	Eucalyptus cosmophylla	CC02	B09	No	R344/T26	DN 7236	Clarendon, SA	344	2017	26	7236		2016-10-10	Eucalyptus cosmophylla	Frith Rd, north-east of Clarendon, South Australia.	Poor-formed tree to 4 metres tall. Bark smooth throughout, dull, pale grey to cream. Common here on broad ridge in low dense woodland with Eucalyptus obliqua. AD + seeds	-35.095	138.649722222222	Eucalyptus	Symphyomyrtus	Incognitae	Incognitae	""	cosmophylla	""
CCA5922	CCA5922	Eucalyptus guilfoylei	CC02	C09	No	R340/T26	DN 4632	Mt Frankland, WA	340	2017	26	4632		2003-08-14	Eucalyptus guilfoylei	Between Walpole and Mt Frankland, N of Walpole, Western Australia.	Tree to 25 metres tall. Bark rough throughout, stringy-fibrous, grey-brown over red-brown. Leaves strongly discolorous, glossy and dark green above. Growing on moderate slope in tall forest, relatively uncommon, with Corymbia calophylla and Eucalyptus diversicolor. AD, PERTH	-34.9105555555556	116.688888888889	Eucalyptus	Cruciformes	""	""	""	guilfoylei	""
CCA5926	CCA5926	Corymbia tessellaris	CC02	D09	No	R341/T01	-	Unknown, Qld	341	2017	1									Corymbia	Blakella	Abbreviatae	'Tessellatae' ms	""	tessellaris	""
CCA5615	CCA5615	Corymbia ficifolia	CC02	E09	No	R310/T02	DN 5523	Boulder Hill, WA	310	2011	2	5523		2010-03-24	Corymbia ficifolia	Boulder Hill, S of Manypeaks, Western Australia.	Sprawling dense 'mallee' to 2 m tall. Leaves more or less dull, light green to dark green. Old dead flowers red to orange. About 50+ clumps on south facing slope in white peaty sand between granite boulders with some Eucalyptus marginata subsp. marginata. Corymbia calophylla nearby but not mixed in stand. PERTH + seed + photos	-34.9377777777778	118.198055555556	Corymbia	Corymbia	Calophyllae	""	""	ficifolia	""
CCA5616	CCA5616	Corymbia ficifolia	CC02	F09	No	R310/T03	DN 5523	Boulder Hill, WA	310	2011	3	5523		2010-03-24	Corymbia ficifolia	Boulder Hill, S of Manypeaks, Western Australia.	Sprawling dense 'mallee' to 2 m tall. Leaves more or less dull, light green to dark green. Old dead flowers red to orange. About 50+ clumps on south facing slope in white peaty sand between granite boulders with some Eucalyptus marginata subsp. marginata. Corymbia calophylla nearby but not mixed in stand. PERTH + seed + photos	-34.9377777777778	118.198055555556	Corymbia	Corymbia	Calophyllae	""	""	ficifolia	""
CCA5558	CCA5558	Eucalyptus lirata	CC02	G09	No	R305/T21	DN 1917	Mt Elizabeth Station, WA	305	2010	21	1917		1996-10-13	Eucalyptus lirata	Track from Gibb River Road to new Mount Elizabeth Homestead, WA	Tree 6m tall. Bark rough throughout, thick, somewhat stringy, orange-tan. Leaves slightly discolourous, dull, blue-green. On rocky rise with C. collina, C. drysdalensis and C. ferruginea ssp. stypophylla. PERTH	-16.4783333333333	126.203055555556	Eucalyptus	Eudesmia	Complanatae	Similes	""	lirata	""
CCA5430	CCA5430	Eucalyptus camaldulensis subsp. minima	CC02	H09	Yes	R300/T25	DN 5233	Yunta, SA	300	2010	25	5233		2008-10-27	Eucalyptus camaldulensis subsp. minima	Yunta Creek, ca. 2 km S of Yunta on Spring Dam road, South Australia.	Tree to 20 metres tall. Bark smooth throughout, pale grey and white. Leaves dull, blue-green. Branchlets not pruinose.  Dominant tree in major sandy creek bed. AD, CANB, MEL Seeds	-32.5922222222222	139.568333333333	Eucalyptus	Symphyomyrtus	Exsertaria	Exsertae	Rostratae	camaldulensis	minima
CCA5408	CCA5408	Eucalyptus chartaboma	CC02	A10	No	R298/T16	DN 5143	Pentland, Qld	298	2015	16	5143		2007-08-15	Eucalyptus chartaboma	Flinders Highway, Queensland.	Tree to 15 metres tall. Bark rough to 2 to 4.5 metres up, flaky-papery; smooth and white above. Branchlets pruinose.  On pale sandy soil on flat topography in woodland with Corymbia setosa subsp. pedicellaris, C. erythrophloia and Eucalyptus similis. AD	-20.6069444444444	145.33	Eucalyptus	Eudesmia	Complanatae	Miniatae	Inclinatae	chartaboma	""
CCA4957-rep1	CCA4957	Eucalyptus camaldulensis subsp. camaldulensis	CC02	B10	Yes	R260/T13	DN 4733	Minlaton, SA	260	2004	13	4733		2003-10-08	Eucalyptus camaldulensis subsp. camaldulensis	Gum Flat, just east of Minlaton on Stansbury road, Yorke Peninsula, South Australia.	Tree to 15 metres tall. Bark smooth throughout, pale grey-tan over pale pink, cream and slightly butter yellow-cream. Leaves dull, blue-green. Growing in broad depression in open woodland on brown loam over limestone with Casuarina obesa?, Eucalyptus porosa and Melaleuca. AD	-34.7833333333333	137.6	Eucalyptus	Symphyomyrtus	Exsertaria	Exsertae	Rostratae	camaldulensis	camaldulensis
CCA4957-rep2	CCA4957	Eucalyptus camaldulensis subsp. camaldulensis	CC02	A01	Yes	R260/T13	DN 4733	Minlaton, SA	260	2004	13	4733		2003-10-08	Eucalyptus camaldulensis subsp. camaldulensis	Gum Flat, just east of Minlaton on Stansbury road, Yorke Peninsula, South Australia.	Tree to 15 metres tall. Bark smooth throughout, pale grey-tan over pale pink, cream and slightly butter yellow-cream. Leaves dull, blue-green. Growing in broad depression in open woodland on brown loam over limestone with Casuarina obesa?, Eucalyptus porosa and Melaleuca. AD	-34.7833333333333	137.6	Eucalyptus	Symphyomyrtus	Exsertaria	Exsertae	Rostratae	camaldulensis	camaldulensis
CCA4939	CCA4939	Eucalyptus botryoides	CC02	C10	No	R248/T18	DN 6307	Turpentine Range, NSW	248	2013	18	6307		2012-03-21	Eucalyptus botryoides	Jerrawangala Lookout, Jerrawangala National Park, New South Wales.	Tree to 35 metres tall. Bark rough to 100 to 120 mm diameter, moderately fissured, grey-brown. Leaves discolorous, glossy and mid-green above. Below and on sandstone cliff/escarpment in +/- pure forest stand. AD Photos + seeds	-35.1027777777778	150.407222222222	Eucalyptus	Symphyomyrtus	Latoangulatae	Transversae	""	botryoides	""
CCA4776	CCA4776	Eucalyptus exserta	CC02	D10	No	R241/T07	DN 6168	Bebo, NSW	241	2013	7	6168		2012-03-07	Eucalyptus exserta	Nicholls Rd, Bebo State Forest, New South Wales.	Scraggly mallee to 6 metres tall. Bark rough over most of stems, moderately coarsely fissured, grey. Leaves dull, blue-green. Small stand on top of sandstone rise with Corymbia trachyphloia subsp. amphistomatica, and with Eucalyptus dealbata and E. melanophloia subsp. melanophloia nearby. AD Photos + seeds	-28.7966666666667	150.77888888888901	Eucalyptus	Symphyomyrtus	Exsertaria	Exsertae	Exsertae	exserta	""
CCA4913	CCA4913	Eucalyptus alba var. australasica	CC02	E10	No	R247/T14	DN 4211	Ramingining, NT	247	2002	14	4211		2001-11-17	Eucalyptus australasica ms	Near Blyth River on Ramingining to Maningrida road, Northern Territory.	Tree 12 metres tall. Bark smooth throughout, + dull, not powdery, pale grey over white and yellow-cream. Leaves + dull, pale green. Dominant tree here, first seen of this species seen comming via Bulman, growing in broad swamp of loam with some Corymbia ptychocarpa subsp. aptycha, C. polycarpa and Eucalyptus tetrodonta. AD, CANB, DNA Photos	-12.3761111111111	134.662222222222							
CCA4770	CCA4770	Eucalyptus tenuipes	CC02	F10	No	R241/T01	DN 6475	Barakula State Forest, Qld	241	2013	1	6475		2012-06-24	Eucalyptus tenuipes	Barakula State Forest scientific area, Queensland.	Multi-stemmed erect tree to 7 metres tall. Bark rough to small branches, stringy-fibrous, grey-brown over red-brown. Leaves discolorous, slightly glossy and dark green above. On pale grey-brown sand with Corymbia bloxsomei, Eucalyptus panda and E. fibrosa. AD Seeds	-26.1527777777778	150.337222222222	Eucalyptus	Cuboidea	""	""	""	tenuipes	""
CCA4557	CCA4557	Eucalyptus obesa	CC02	G10	Yes	R231/T05	DN 3724	Lake Grace, WA	231	2001	5	3724		2001-01-21	Eucalyptus obesa	East of Lake Grace towards Newdegate, Western Australia.	Mallee 6 metres tall. Bark smooth throughout, dull, pale grey and pinkish over slightly powdery white. Leaves glossy, slightly blue-green. Flowers cream. Growing on broad rise of white sand over laterite with Eucalyptus albida. CANB, PERTH	-33.1063888888889	118.516944444444	Eucalyptus	Symphyomyrtus	Bisectae	Falcatae	Decipientes	obesa	""
CCA3997	CCA3997	Eucalyptus gongylocarpa	CC02	H10	Yes	R200/T29	DN 4303	Wiluna, WA	200	2002	29	4303		2001-11-27	Eucalyptus gongylocarpa	Wiluna to Granite Peak road, near Camel Well, Western Australia.	Tree 10 metres tall. Bark smooth throughout, light grey over white over yellowish cream. Leaves dull, greyish. Branchlets, buds and fruits glaucous. Growing in a pure stand on plain of deep red sand. CANB, PERTH	-26.1530555555556	121.274722222222	Eucalyptus	Eudesmia	Limbatae	Heteropterae	Acetabuliformes	gongylocarpa	""
CCA3916	CCA3916	Eucalyptus saligna	CC02	A11	Yes	R195/T02	DN 2924	Gibraltar Range, NSW	195	2000	2	2924		1999-12-16	Eucalyptus saligna	Acsent to New England Tableland from Grafton on Gwydir Highway, New South Wales.	Tree 25 m tall. Bark smooth throughout, grey-green over light grey. Leaves very discolorous, glossy and green above. Growing on steep slope in dense wet forest with Eucalyptus campanulata and E. microcorys. AD	-29.4494444444444	152.368611111111	Eucalyptus	Symphyomyrtus	Latoangulatae	Transversae	""	saligna	""
CCA3651	CCA3651	Eucalyptus odontocarpa	CC02	B11	No	R183/T30	DN 1199	Great Sandy Desert, WA	183	2000	30	1199		1994-12-01	Eucalyptus odontocarpa		Mallee 3m tall. Bark rough, dark grey brown for about 1m then smooth tan. Leaves glossy, green. No parts glaucous. Growing on red sand with E. odontocarpa - gamophylla intergrades and E. pachyphylla. A Photo	-22.5061111111111	124.082222222222	Eucalyptus	Eudesmia	Limbatae	Heteropterae	Patelliformes	odontocarpa	""
